"DATE","day_of_year","year","season","Net_Depth","Station","source","CI","CSI","DW","Cfin_CI_m2","Cfin_CII_m2","Cfin_CIII_m2","Cfin_CIV_m2","Cfin_CV_m2","Cfin_F_m2","Cfin_M_m2"
"2008-04-15",106,2008,"spring",103,"DMC-2","UBER",0,NA,0.764240404016559,0,0,0,0,0,0,0
"2008-04-15",106,2008,"spring",103,"DMC-2","UBER",NA,NA,0.830696091322344,NA,NA,NA,NA,NA,NA,NA
"2008-05-07",128,2008,"spring",105,"DMC-2","UBER",NA,NA,2.38080974087705,NA,NA,NA,NA,NA,NA,NA
"2008-05-07",128,2008,"spring",105,"DMC-2","UBER",6639.708440693,2.05263157894737,2.82661873618073,11951.4751932474,6639.70844069299,2655.8833762772,2655.8833762772,0,1327.9416881386,0
"2008-05-21",142,2008,"spring",108,"DMC-2","UBER",NA,NA,3.33934578868564,NA,NA,NA,NA,NA,NA,NA
"2008-05-21",142,2008,"spring",108,"DMC-2","UBER",47745.539787165,3.5959595959596,3.47197228809445,1136.79856636107,7389.19068134697,16483.5792122356,21030.7734776798,8525.98924770805,568.399283180536,1136.79856636107
"2008-05-30",151,2008,"summer",105,"DMC-2","UBER",59947.0819216853,3.38775510204082,4.79007537507136,6070.59057434788,8347.06203972833,28835.3052281524,13658.8287922827,16694.1240794567,0,758.823821793485
"2008-05-30",151,2008,"summer",105,"DMC-2","UBER",NA,NA,5.33547999698544,NA,NA,NA,NA,NA,NA,NA
"2008-06-17",169,2008,"summer",108,"DMC-2","UBER",9946.98745565939,3.8,6.16713222250882,4262.99462385402,0,0,0,9946.98745565939,0,0
"2008-06-17",169,2008,"summer",108,"DMC-2","UBER",NA,NA,6.50343513172396,NA,NA,NA,NA,NA,NA,NA
"2008-07-02",184,2008,"summer",105,"DMC-2","UBER",NA,NA,NA,NA,NA,NA,NA,NA,NA,NA
"2008-07-02",184,2008,"summer",105,"DMC-2","UBER",NA,NA,NA,NA,NA,NA,NA,NA,NA,NA
"2008-07-08",190,2008,"summer",105,"DMC-2","UBER",NA,NA,NA,NA,NA,NA,NA,NA,NA,NA
"2008-07-08",190,2008,"summer",105,"DMC-2","UBER",NA,NA,NA,NA,NA,NA,NA,NA,NA,NA
"2008-07-15",197,2008,"summer",105,"DMC-2","UBER",NA,NA,NA,NA,NA,NA,NA,NA,NA,NA
"2008-07-15",197,2008,"summer",105,"DMC-2","UBER",NA,NA,NA,NA,NA,NA,NA,NA,NA,NA
"2008-07-16",198,2008,"summer",105,"DMC-2","UBER",0,NA,3.26294243371198,0,0,0,0,0,0,0
"2008-07-16",198,2008,"summer",105,"DMC-2","UBER",0,NA,3.26294243371198,0,0,0,0,0,0,0
"2008-07-16",198,2008,"summer",105,"DMC-2","UBER",NA,NA,2.9167290650187,NA,NA,NA,NA,NA,NA,NA
"2008-07-16",198,2008,"summer",105,"DMC-2","UBER",NA,NA,2.9167290650187,NA,NA,NA,NA,NA,NA,NA
"2008-08-12",225,2008,"summer",105,"DMC-2","UBER",NA,NA,NA,NA,NA,NA,NA,NA,NA,NA
"2008-08-12",225,2008,"summer",105,"DMC-2","UBER",11856.6222155232,3.37142857142857,2.53731715412197,1897.05955448371,2845.58933172557,4742.64888620928,1897.05955448371,4742.64888620928,474.264888620928,0
"2008-08-14",227,2008,"summer",105,"DMC-2","UBER",32250.0124262231,2.96428571428571,NA,7588.23821793485,13279.416881386,15176.4764358697,7588.23821793485,9485.29777241856,0,0
"2008-09-12",256,2008,"winter",105,"DMC-2","UBER",49513.2543720249,3.425,6.18441414761689,8536.7679951767,10244.121594212,17073.5359903534,8536.7679951767,23902.9503864948,0,0
"2008-09-12",256,2008,"winter",105,"DMC-2","UBER",NA,NA,2.55628774966681,NA,NA,NA,NA,NA,NA,NA
"2008-10-14",288,2008,"winter",106,"DMC-2","UBER",NA,NA,4.75957762091289,NA,NA,NA,NA,NA,NA,NA
"2008-10-14",288,2008,"winter",106,"DMC-2","UBER",0,NA,3.8161952040188,0,0,0,0,0,0,0
"2008-11-03",308,2008,"winter",104,"DMC-2","UBER",NA,NA,5.30459888548773,NA,NA,NA,NA,NA,NA,NA
"2008-11-03",308,2008,"winter",104,"DMC-2","UBER",6073.243804494,3.14285714285714,4.46478314064756,1518.3109511235,3036.621902247,1518.3109511235,1518.3109511235,3036.621902247,0,0
"2008-11-21",326,2008,"winter",101,"DMC-2","UBER",4656.1627778073,5,1.5108773095334,0,0,0,0,4656.1627778073,0,0
"2008-11-21",326,2008,"winter",98,"DMC-2","UBER",NA,NA,2.40281378392378,NA,NA,NA,NA,NA,NA,NA
"2009-01-22",22,2009,"winter",105,"DMC-2","UBER",NA,NA,NA,NA,NA,NA,NA,NA,NA,NA
"2009-01-22",22,2009,"winter",105,"DMC-2","UBER",NA,NA,NA,NA,NA,NA,NA,NA,NA,NA
"2009-01-27",27,2009,"winter",106,"DMC-2","UBER",15928.4669385132,5.30357142857143,4.39455025357195,0,0,0,0,11093.039475036,3413.24291539569,1422.18454808154
"2009-01-27",27,2009,"winter",107,"DMC-2","UBER",NA,NA,4.48273399771645,NA,NA,NA,NA,NA,NA,NA
"2009-02-06",37,2009,"winter",107,"DMC-2","UBER",16916.8714290146,5.5546218487395,3.69138454991662,0,0,0,0,7534.40492216615,6823.61200498067,2558.85450186775
"2009-02-06",37,2009,"winter",103,"DMC-2","UBER",NA,NA,5.6534802557996,NA,NA,NA,NA,NA,NA,NA
"2009-02-25",56,2009,"winter",106,"DMC-2","UBER",NA,NA,NA,NA,NA,NA,NA,NA,NA,NA
"2009-02-25",56,2009,"winter",106,"DMC-2","UBER",13652.9716615828,5.8,NA,94.8123032054359,0,0,0,2275.49527693046,9670.85492695447,1706.62145769785
"2009-03-10",69,2009,"winter",105,"DMC-2","UBER",6165.44355207206,5.64285714285714,2.25275822094941,474.264888620928,0,0,0,0,4268.38399758835,1897.05955448371
"2009-03-10",69,2009,"winter",103,"DMC-2","UBER",NA,NA,1.06329099689262,NA,NA,NA,NA,NA,NA,NA
"2009-03-27",86,2009,"spring",106,"DMC-2","UBER",2370.3075801359,2.3,0.948123032054356,6636.86122438052,474.06151602718,0,0,0,2370.3075801359,0
"2009-03-27",86,2009,"spring",105,"DMC-2","UBER",NA,NA,0.839448852859041,NA,NA,NA,NA,NA,NA,NA
"2009-04-14",104,2009,"spring",105,"DMC-2","UBER",NA,NA,0.858419448403867,NA,NA,NA,NA,NA,NA,NA
"2009-04-14",104,2009,"spring",105,"DMC-2","UBER",1707.35359903534,2.15625,0.787279715110742,3414.70719807068,948.529777241856,569.117866345114,189.705955448371,379.411910896742,569.117866345114,0
"2009-04-30",120,2009,"spring",105,"DMC-2","UBER",25610.3039855301,2.21917808219178,1.30422844370755,30352.9528717394,13279.416881386,11382.3573269023,9485.29777241856,3794.11910896742,948.529777241856,0
"2009-04-30",120,2009,"spring",105,"DMC-2","UBER",NA,NA,1.11452248825918,NA,NA,NA,NA,NA,NA,NA
"2009-05-20",140,2009,"spring",105,"DMC-2","UBER",7054.69021823631,4.30769230769231,1.3801108258869,296.41555538808,355.698666465696,1185.66222155232,1956.34266556133,2667.73999849272,829.963555086624,414.981777543312
"2009-05-20",140,2009,"spring",105,"DMC-2","UBER",NA,NA,0.972243021672894,NA,NA,NA,NA,NA,NA,NA
"2009-06-03",154,2009,"summer",105,"DMC-2","UBER",NA,NA,3.56172931354316,NA,NA,NA,NA,NA,NA,NA
"2009-06-03",154,2009,"summer",105,"DMC-2","UBER",11951.4751932474,3.45945945945946,4.75687683286791,5406.61973027858,3699.26613124324,1422.79466586278,853.67679951767,5691.17866345114,3414.70719807068,569.117866345114
"2009-06-16",167,2009,"summer",105,"DMC-2","UBER",25800.0099409785,2.26086956521739,6.13224500986859,24282.3622973915,19729.4193666306,16694.1240794567,3035.29528717394,4552.94293076091,1517.64764358697,0
"2009-06-16",167,2009,"summer",105,"DMC-2","UBER",NA,NA,2.63217013184615,NA,NA,NA,NA,NA,NA,NA
"2009-07-02",183,2009,"summer",105,"DMC-2","UBER",25800.0099409785,2.66666666666667,2.89775846947387,9675.00372786693,12900.0049704892,14512.5055918004,6450.00248524462,4837.50186393347,0,0
"2009-07-02",183,2009,"summer",105,"DMC-2","UBER",53117.6675255439,2.60416666666667,2.20058908320112,15176.4764358697,22764.7146538045,37941.1910896742,13279.416881386,1897.05955448371,0,0
"2009-07-08",189,2009,"summer",105,"DMC-2","UBER",18591.1836339404,3.35,3.05900853160498,1327.9416881386,6639.70844069299,5311.76675255439,9295.59181697019,2655.8833762772,1327.9416881386,0
"2009-07-08",189,2009,"summer",105,"DMC-2","UBER",72088.2630703811,2.73770491803279,5.18845788151294,26558.833762772,17073.5359903534,39838.250644158,24661.7742082883,7588.23821793485,0,0
"2009-07-15",196,2009,"summer",105,"DMC-2","UBER",15366.1823913181,4.1,4.86595775725072,0,1707.35359903534,1707.35359903534,6829.41439614136,6829.41439614136,0,0
"2009-07-15",196,2009,"summer",105,"DMC-2","UBER",NA,NA,3.81783235339847,NA,NA,NA,NA,NA,NA,NA
"2009-07-21",202,2009,"summer",105,"DMC-2","UBER",37941.1910896742,3.69230769230769,6.78198790727927,7588.23821793485,3794.11910896742,5691.17866345114,13279.416881386,17073.5359903534,1897.05955448371,0
"2009-07-21",202,2009,"summer",105,"DMC-2","UBER",NA,NA,2.55628774966681,NA,NA,NA,NA,NA,NA,NA
"2009-07-29",210,2009,"summer",105,"DMC-2","UBER",17073.5359903534,4.18181818181818,4.92761219277143,3794.11910896742,0,1897.05955448371,0,13279.416881386,0,1897.05955448371
"2009-07-29",210,2009,"summer",105,"DMC-2","UBER",15176.4764358697,3.72727272727273,4.86595775725072,1897.05955448371,3794.11910896742,3794.11910896742,0,11382.3573269023,0,0
"2009-08-04",216,2009,"summer",105,"DMC-2","UBER",NA,NA,10.4812540385225,NA,NA,NA,NA,NA,NA,NA
"2009-08-04",216,2009,"summer",105,"DMC-2","UBER",34147.0719807068,3.53846153846154,10.4765113896363,11382.3573269023,3794.11910896742,3794.11910896742,11382.3573269023,15176.4764358697,1897.05955448371,1897.05955448371
"2009-08-19",231,2009,"summer",106,"DMC-2","UBER",NA,NA,8.1017113089045,NA,NA,NA,NA,NA,NA,NA
"2009-08-19",231,2009,"summer",108,"DMC-2","UBER",29051.5189181163,3.5,10.5011767567604,6947.10234998433,5683.99283180536,6947.10234998433,6315.54759089485,13262.6499408792,1894.66427726845,631.554759089485
"2009-08-27",239,2009,"summer",105,"DMC-2","UBER",26558.833762772,3.93333333333333,8.74544454616992,1897.05955448371,0,11382.3573269023,3794.11910896742,7588.23821793485,1897.05955448371,1897.05955448371
"2009-08-27",239,2009,"summer",106,"DMC-2","UBER",NA,NA,8.05430515730177,NA,NA,NA,NA,NA,NA,NA
"2009-09-09",252,2009,"winter",107,"DMC-2","UBER",NA,NA,4.5490746699871,NA,NA,NA,NA,NA,NA,NA
"2009-09-09",252,2009,"winter",107,"DMC-2","UBER",NA,NA,4.5490746699871,NA,NA,NA,NA,NA,NA,NA
"2009-09-09",252,2009,"winter",103,"DMC-2","UBER",NA,NA,10.2674036887443,NA,NA,NA,NA,NA,NA,NA
"2009-09-22",265,2009,"winter",106,"DMC-2","UBER",NA,NA,14.0843676411675,NA,NA,NA,NA,NA,NA,NA
"2009-09-22",265,2009,"winter",110,"DMC-2","UBER",36600.7068590266,4.45762711864407,13.8151892226076,0,631.046669983218,5679.42002984896,8203.60670978184,21455.5867794294,1262.09333996644,0
"2009-10-01",274,2009,"winter",105,"DMC-2","UBER",23144.1265647013,4.91803278688525,8.30912084863867,0,0,0,1897.05955448371,21247.0670102176,0,0
"2009-10-01",274,2009,"winter",107,"DMC-2","UBER",NA,NA,12.6758070231412,NA,NA,NA,NA,NA,NA,NA
"2009-10-15",288,2009,"winter",104,"DMC-2","UBER",15436.1613364223,4.98360655737705,9.43725150557702,0,0,0,1265.25912593625,13158.694909737,1012.207300749,0
"2009-10-15",288,2009,"winter",105,"DMC-2","UBER",NA,NA,9.59912134568757,NA,NA,NA,NA,NA,NA,NA
"2009-11-17",321,2009,"winter",105,"DMC-2","UBER",5691.17866345113,2.8,2.59422894075648,3794.11910896742,0,1897.05955448371,1897.05955448371,1897.05955448371,0,0
"2009-11-17",321,2009,"winter",102,"DMC-2","UBER",NA,NA,3.78969348206558,NA,NA,NA,NA,NA,NA,NA
"2009-11-27",331,2009,"winter",105,"DMC-2","UBER",NA,NA,NA,NA,NA,NA,NA,NA,NA,NA
"2009-11-27",331,2009,"winter",105,"DMC-2","UBER",NA,NA,NA,NA,NA,NA,NA,NA,NA,NA
"2009-12-01",335,2009,"winter",107,"DMC-2","UBER",NA,NA,3.89514518617646,NA,NA,NA,NA,NA,NA,NA
"2009-12-01",335,2009,"winter",107,"DMC-2","UBER",5686.34333748389,4.83333333333333,2.7815696159192,0,0,0,1895.4477791613,2843.17166874194,947.723889580648,0
"2009-12-15",349,2009,"winter",104,"DMC-2","UBER",NA,NA,4.61661423575991,NA,NA,NA,NA,NA,NA,NA
"2009-12-15",349,2009,"winter",110,"DMC-2","UBER",18032.1585947704,4.97637795275591,5.43331182855551,0,0,0,1135.88400596979,16186.3470850695,425.956502238672,283.971001492448
"2010-01-05",5,2010,"winter",107,"DMC-2","UBER",NA,NA,0.483339183686132,NA,NA,NA,NA,NA,NA,NA
"2010-01-05",5,2010,"winter",106,"DMC-2","UBER",568.873819232616,4,0.308139985417673,0,0,0,568.873819232616,0,0,0
"2010-01-21",21,2010,"winter",101,"DMC-2","UBER",NA,NA,0.332583055557666,NA,NA,NA,NA,NA,NA,NA
"2010-01-21",21,2010,"winter",97,"DMC-2","UBER",190.417130539087,6,0.490324111138156,0,0,0,0,0,190.417130539087,0
"2010-02-02",33,2010,"winter",110,"DMC-2","UBER",283.971001492448,6,1.2258081564424,0,0,0,0,0,283.971001492448,0
"2010-02-02",33,2010,"winter",110,"DMC-2","UBER",NA,NA,0.317100951666568,NA,NA,NA,NA,NA,NA,NA
"2010-02-09",40,2010,"winter",107,"DMC-2","UBER",NA,NA,0.213237875155654,NA,NA,NA,NA,NA,NA,NA
"2010-02-09",40,2010,"winter",107,"DMC-2","UBER",1042.49627853871,5.41666666666667,0.33644198080112,94.7723889580648,0,0,0,189.54477791613,663.406722706454,189.54477791613
"2010-02-23",54,2010,"winter",100,"DMC-2","UBER",NA,NA,0.945932099101917,NA,NA,NA,NA,NA,NA,NA
"2010-02-23",54,2010,"winter",102,"DMC-2","UBER",759.838292143476,2.25,0.427409039330705,379.919146071738,379.919146071738,759.838292143476,0,0,0,0
"2010-03-10",69,2010,"winter",105,"DMC-2","UBER",NA,NA,0.6687134929555,NA,NA,NA,NA,NA,NA,NA
"2010-03-10",69,2010,"winter",105,"DMC-2","UBER",4268.38399758835,4.08333333333333,0.796765012883155,948.529777241856,474.264888620928,474.264888620928,948.529777241856,948.529777241856,1422.79466586278,474.264888620928
"2010-03-23",82,2010,"spring",105,"DMC-2","UBER",NA,NA,NA,NA,NA,NA,NA,NA,NA,NA
"2010-03-23",82,2010,"spring",105,"DMC-2","UBER",NA,NA,NA,NA,NA,NA,NA,NA,NA,NA
"2010-04-07",97,2010,"spring",108,"DMC-2","UBER",NA,NA,2.51043016738071,NA,NA,NA,NA,NA,NA,NA
"2010-04-07",97,2010,"spring",108,"DMC-2","UBER",17051.9784954161,2.171875,3.18303598581101,23683.3034658557,19893.9749113188,4736.66069317114,7578.65710907382,4736.66069317114,0,0
"2010-04-13",103,2010,"spring",109,"DMC-2","UBER",35984.0078795855,2.65,NA,22726.7418186856,17045.0563640142,17045.0563640142,5681.6854546714,9469.47575778567,3787.79030311427,0
"2010-04-13",103,2010,"spring",109,"DMC-2","UBER",NA,NA,NA,NA,NA,NA,NA,NA,NA,NA
"2010-04-21",111,2010,"spring",105,"DMC-2","UBER",20867.6550993208,2.51851851851852,0.13279416881387,24187.5093196673,6165.44355207206,4268.38399758835,5691.17866345114,8536.7679951767,1897.05955448371,474.264888620928
"2010-04-21",111,2010,"spring",105,"DMC-2","UBER",NA,NA,2.52308920746334,NA,NA,NA,NA,NA,NA,NA
"2010-05-12",132,2010,"spring",108,"DMC-2","UBER",NA,NA,16.0762263926228,NA,NA,NA,NA,NA,NA,NA
"2010-05-12",132,2010,"spring",108,"DMC-2","UBER",68207.9139816643,4.05,15.2899407175564,0,7578.65710907382,9473.32138634227,32209.2927135637,24630.6356044899,1894.66427726845,0
"2010-06-08",159,2010,"summer",105,"DMC-2","UBER",NA,NA,5.41136237916478,NA,NA,NA,NA,NA,NA,NA
"2010-06-08",159,2010,"summer",105,"DMC-2","UBER",1897.05955448371,2.5,5.62003893015799,0,1897.05955448371,1897.05955448371,0,0,0,0
"2010-07-06",187,2010,"summer",107,"DMC-2","UBER",NA,NA,NA,NA,NA,NA,NA,NA,NA,NA
"2010-07-06",187,2010,"summer",102,"DMC-2","UBER",NA,NA,9.23203524954323,NA,NA,NA,NA,NA,NA,NA
"2010-07-14",195,2010,"summer",107,"DMC-2","UBER",NA,NA,7.76185865566551,NA,NA,NA,NA,NA,NA,NA
"2010-07-14",195,2010,"summer",102,"DMC-2","UBER",5698.78719107607,4,2.82564864890855,0,1899.59573035869,0,1899.59573035869,3799.19146071738,0,0
"2010-07-20",201,2010,"summer",103,"DMC-2","UBER",22784.8070762704,4.36363636363636,6.34177130289527,0,8544.3026536014,0,0,17088.6053072028,5696.2017690676,0
"2010-07-20",201,2010,"summer",101,"DMC-2","UBER",NA,NA,6.94148348813924,NA,NA,NA,NA,NA,NA,NA
"2010-07-27",208,2010,"summer",107,"DMC-2","UBER",NA,NA,0.483339183686132,NA,NA,NA,NA,NA,NA,NA
"2010-07-27",208,2010,"summer",107,"DMC-2","UBER",NA,NA,0.682361200498059,NA,NA,NA,NA,NA,NA,NA
"2010-08-09",221,2010,"summer",107,"DMC-2","UBER",22745.3733499356,3.5,10.6524165188865,5686.34333748389,5686.34333748389,5686.34333748389,0,17059.0300124517,0,0
"2010-08-09",221,2010,"summer",107,"DMC-2","UBER",NA,NA,11.7422989919042,NA,NA,NA,NA,NA,NA,NA
"2010-09-09",252,2010,"winter",108,"DMC-2","UBER",NA,NA,5.81188267052099,NA,NA,NA,NA,NA,NA,NA
"2010-09-09",252,2010,"winter",108,"DMC-2","UBER",8525.98924770805,3.8,5.76451606358927,0,0,1705.19784954161,6820.79139816644,0,0,0
"2010-09-23",266,2010,"winter",106,"DMC-2","UBER",21237.9559180177,4.86206896551724,8.05430515730177,758.498425643488,0,0,758.498425643488,19720.9590667307,758.498425643488,0
"2010-09-23",266,2010,"winter",106,"DMC-2","UBER",NA,NA,7.13462581620905,NA,NA,NA,NA,NA,NA,NA
"2010-10-20",293,2010,"winter",106,"DMC-2","UBER",NA,NA,NA,NA,NA,NA,NA,NA,NA,NA
"2010-10-20",293,2010,"winter",106,"DMC-2","UBER",5309.48897950442,4.85714285714286,NA,0,0,0,758.498425643488,4550.99055386093,0,0
"2010-11-03",307,2010,"winter",107,"DMC-2","UBER",0,NA,NA,0,0,0,0,0,0,0
"2010-11-03",307,2010,"winter",107,"DMC-2","UBER",NA,NA,NA,NA,NA,NA,NA,NA,NA,NA
"2010-11-16",320,2010,"winter",106,"DMC-2","UBER",NA,NA,NA,NA,NA,NA,NA,NA,NA,NA
"2010-11-16",320,2010,"winter",106,"DMC-2","UBER",426.655364424462,6,NA,0,0,0,0,0,426.655364424462,0
"2010-12-08",342,2010,"winter",100,"DMC-2","UBER",NA,NA,1.3594803032319,NA,NA,NA,NA,NA,NA,NA
"2010-12-08",342,2010,"winter",107,"DMC-2","UBER",NA,NA,0.00236930972395162,NA,NA,NA,NA,NA,NA,NA
"2010-12-16",350,2010,"winter",100,"DMC-2","UBER",NA,NA,0.465835908100433,NA,NA,NA,NA,NA,NA,NA
"2010-12-16",350,2010,"winter",100,"DMC-2","UBER",NA,NA,0.408794776496296,NA,NA,NA,NA,NA,NA,NA
"2011-01-05",5,2011,"winter",107,"DMC-2","UBER",NA,NA,0.170590300124523,NA,NA,NA,NA,NA,NA,NA
"2011-01-05",5,2011,"winter",107,"DMC-2","UBER",1421.58583437097,4.8,0.236930972395165,0,0,0,284.317166874194,1137.26866749678,0,0
"2011-01-26",26,2011,"winter",97,"DMC-2","UBER",NA,NA,0.0714064239521602,NA,NA,NA,NA,NA,NA,NA
"2011-01-26",26,2011,"winter",97,"DMC-2","UBER",714.064239521575,5.33333333333333,0.0904481370060753,0,0,0,0,476.042826347717,238.021413173858,0
"2011-02-17",48,2011,"winter",114,"DMC-2","UBER",NA,NA,0.765552029423933,NA,NA,NA,NA,NA,NA,NA
"2011-02-17",48,2011,"winter",114,"DMC-2","UBER",1512.20153960281,5.5,0.614331875463635,0,0,0,0,756.100769801403,756.100769801403,0
"2011-03-29",88,2011,"spring",109,"DMC-2","UBER",NA,NA,1.32572660608998,NA,NA,NA,NA,NA,NA,NA
"2011-03-29",88,2011,"spring",109,"DMC-2","UBER",520.821166678212,3,0.00236736893944642,0,520.821166678212,0,520.821166678212,0,0,0
"2011-04-19",109,2011,"spring",103,"DMC-2","UBER",NA,NA,2.86234138895646,NA,NA,NA,NA,NA,NA,NA
"2011-04-19",109,2011,"spring",103,"DMC-2","UBER",NA,NA,2.01740479321143,NA,NA,NA,NA,NA,NA,NA
"2011-04-25",115,2011,"spring",107,"DMC-2","UBER",0,1,2.6251951741384,284.317166874194,0,0,0,0,0,0
"2011-04-25",115,2011,"spring",107,"DMC-2","UBER",NA,NA,2.80526271315871,NA,NA,NA,NA,NA,NA,NA
"2011-05-02",122,2011,"spring",105,"DMC-2","UBER",NA,NA,3.47636163359141,NA,NA,NA,NA,NA,NA,NA
"2011-05-02",122,2011,"spring",105,"DMC-2","UBER",24329.7887862536,3.37662337662338,3.0637511804912,4695.22239734719,3841.54559782952,7683.09119565903,8109.92959541787,8109.92959541787,0,426.838399758835
"2011-05-26",146,2011,"spring",105,"DMC-2","UBER",NA,NA,0.853676799517669,NA,NA,NA,NA,NA,NA,NA
"2011-05-26",146,2011,"spring",105,"DMC-2","UBER",NA,NA,1.23783135930064,NA,NA,NA,NA,NA,NA,NA
"2011-05-31",151,2011,"summer",100,"DMC-2","UBER",NA,NA,NA,NA,NA,NA,NA,NA,NA,NA
"2011-05-31",151,2011,"summer",100,"DMC-2","UBER",NA,NA,NA,NA,NA,NA,NA,NA,NA,NA
"2011-06-28",179,2011,"summer",108,"DMC-2","UBER",NA,NA,10.823269683896,NA,NA,NA,NA,NA,NA,NA
"2011-06-28",179,2011,"summer",108,"DMC-2","UBER",100417.206695228,1.96629213483146,10.1317172226931,132626.499408792,104206.535249765,87154.5567543489,5683.99283180536,7578.65710907382,0,0
"2011-07-13",194,2011,"summer",107,"DMC-2","UBER",NA,NA,7.25008775529195,NA,NA,NA,NA,NA,NA,NA
"2011-07-13",194,2011,"summer",107,"DMC-2","UBER",51177.090037355,2.80769230769231,6.74779409381421,27483.9927978388,19902.2016811936,18954.477791613,11372.6866749678,18006.7539020323,2843.17166874194,0
"2011-07-27",208,2011,"summer",108,"DMC-2","UBER",NA,NA,5.89240590230489,NA,NA,NA,NA,NA,NA,NA
"2011-07-27",208,2011,"summer",108,"DMC-2","UBER",42629.9462385402,3.38709677419355,8.60651247949196,3789.32855453691,12315.317802245,15157.3142181476,13262.6499408792,13262.6499408792,947.332138634227,0
"2011-08-12",224,2011,"summer",103,"DMC-2","UBER",NA,NA,5.24050562754219,NA,NA,NA,NA,NA,NA,NA
"2011-08-12",224,2011,"summer",103,"DMC-2","UBER",47468.3480755632,3.42424242424242,5.42088535022934,3797.46784604507,11392.4035381352,18987.3392302253,13291.1374611577,13291.1374611577,0,1898.73392302253
"2011-09-01",244,2011,"summer",106,"DMC-2","UBER",NA,NA,9.55233954794766,NA,NA,NA,NA,NA,NA,NA
"2011-09-01",244,2011,"summer",106,"DMC-2","UBER",67506.3598822703,4.34408602150538,13.9800741076415,0,3033.99370257395,10618.9779590088,18962.4606410872,34890.9275796004,3033.99370257395,0
"2011-09-19",262,2011,"winter",104,"DMC-2","UBER",18504.4147168177,4.92307692307692,6.49077931605297,0,0,0,3558.54129169571,12810.7486501046,2135.12477501743,0
"2011-09-19",262,2011,"winter",104,"DMC-2","UBER",NA,NA,8.92482155957284,NA,NA,NA,NA,NA,NA,NA
"2011-10-18",291,2011,"winter",102,"DMC-2","UBER",11777.4935282239,4.90322580645161,4.96269384556207,0,0,0,1519.67658428695,9877.89779786519,0,379.919146071738
"2011-10-18",291,2011,"winter",102,"DMC-2","UBER",NA,NA,3.68521571689586,NA,NA,NA,NA,NA,NA,NA
"2011-11-01",305,2011,"winter",102,"DMC-2","UBER",NA,NA,2.14654317530533,NA,NA,NA,NA,NA,NA,NA
"2011-11-01",305,2011,"winter",102,"DMC-2","UBER",3799.19146071738,4,2.17028812193481,949.797865179345,0,0,949.797865179345,2849.39359553804,0,0
"2011-12-07",341,2011,"winter",100,"DMC-2","UBER",NA,NA,2.3719603892053,NA,NA,NA,NA,NA,NA,NA
"2011-12-07",341,2011,"winter",100,"DMC-2","UBER",5561.51033140318,5.07692307692308,3.49852273838695,0,0,0,0,5133.70184437217,213.904243515507,213.904243515507
"2011-12-30",364,2011,"winter",105,"DMC-2","UBER",NA,NA,16.6372122928221,NA,NA,NA,NA,NA,NA,NA
"2011-12-30",364,2011,"winter",105,"DMC-2","UBER",8726.47395062508,5.15217391304348,21.3988317745763,0,0,0,0,7398.53226248648,948.529777241856,379.411910896742
"2012-01-19",19,2012,"winter",106,"DMC-2","UBER",NA,NA,NA,NA,NA,NA,NA,NA,NA,NA
"2012-01-19",19,2012,"winter",106,"DMC-2","UBER",3413.2429153957,5.31746031746032,0.701611043720225,0,0,0,54.1784589745348,2221.31681795593,650.141507694418,487.606130770813
"2012-01-19",19,2012,"winter",106,"DMC-2","UBER",NA,NA,0.976566723015988,NA,NA,NA,NA,NA,NA,NA
"2012-01-31",31,2012,"winter",95,"DMC-2","UBER",514.656826503475,5.55555555555556,0.900649446381083,0,0,0,0,228.736367334878,57.1840918337195,228.736367334878
"2012-01-31",31,2012,"winter",95,"DMC-2","UBER",NA,NA,0.919710810325663,NA,NA,NA,NA,NA,NA,NA
"2012-02-16",47,2012,"winter",106,"DMC-2","UBER",NA,NA,NA,NA,NA,NA,NA,NA,NA,NA
"2012-02-16",47,2012,"winter",106,"DMC-2","UBER",2332.38265885373,5.4390243902439,0.621020585995606,0,0,0,0,1308.40978423502,739.5359650024,284.436909616308
"2012-02-16",47,2012,"winter",106,"DMC-2","UBER",NA,NA,0.93390118657354,NA,NA,NA,NA,NA,NA,NA
"2012-02-29",60,2012,"winter",106,"DMC-2","UBER",NA,NA,NA,NA,NA,NA,NA,NA,NA,NA
"2012-02-29",60,2012,"winter",106,"DMC-2","UBER",3507.77049696988,4.68253968253968,1.02884161451305,250.555035497849,187.916276623387,438.471312121235,187.916276623387,1503.33021298709,939.581383116933,438.471312121235
"2012-02-29",60,2012,"winter",106,"DMC-2","UBER",NA,NA,1.22615370496759,NA,NA,NA,NA,NA,NA,NA
"2012-03-21",81,2012,"spring",108,"DMC-2","UBER",NA,NA,NA,NA,NA,NA,NA,NA,NA,NA
"2012-03-21",81,2012,"spring",108,"DMC-2","UBER",568.399283180536,1.40322580645161,0.677342479123476,8525.98924770805,2652.52998817584,0,378.932855453691,0,189.466427726845,0
"2012-03-21",81,2012,"spring",108,"DMC-2","UBER",NA,NA,0.554189301101027,NA,NA,NA,NA,NA,NA,NA
"2012-04-04",95,2012,"spring",104,"DMC-2","UBER",NA,NA,NA,NA,NA,NA,NA,NA,NA,NA
"2012-04-04",95,2012,"spring",108,"DMC-2","UBER",NA,NA,0.918912174475196,NA,NA,NA,NA,NA,NA,NA
"2012-04-04",95,2012,"spring",108,"DMC-2","UBER",2084.1307049953,1.81481481481481,1.02785537041813,5305.05997635167,2841.99641590268,947.332138634227,947.332138634227,189.466427726845,0,0
"2012-04-18",109,2012,"spring",105,"DMC-2","UBER",8679.04746176299,3.40740740740741,1.85911836339404,1138.23573269023,1707.35359903534,2703.30986513929,3556.98666465696,2134.19199879418,284.558933172557,0
"2012-04-18",109,2012,"spring",103,"DMC-2","UBER",NA,NA,NA,NA,NA,NA,NA,NA,NA,NA
"2012-04-18",109,2012,"spring",104,"DMC-2","UBER",NA,NA,1.47956964531789,NA,NA,NA,NA,NA,NA,NA
"2012-04-30",121,2012,"spring",105,"DMC-2","UBER",11192.6513714539,3.77931034482759,2.4519494741702,474.264888620928,2086.76550993208,3414.70719807068,3414.70719807068,2750.73635400138,379.411910896742,1233.08871041441
"2012-04-30",121,2012,"spring",103,"DMC-2","UBER",NA,NA,NA,NA,NA,NA,NA,NA,NA,NA
"2012-04-30",121,2012,"spring",105,"DMC-2","UBER",NA,NA,1.78323598121469,NA,NA,NA,NA,NA,NA,NA
"2012-05-18",139,2012,"spring",105,"DMC-2","UBER",52501.1231703367,4.06849315068493,7.37956166694164,7683.09119565903,2134.19199879418,5548.89919686486,16646.6975905946,23476.1119867359,4268.38399758835,2561.03039855301
"2012-05-18",139,2012,"spring",104,"DMC-2","UBER",NA,NA,NA,NA,NA,NA,NA,NA,NA,NA
"2012-05-18",139,2012,"spring",103,"DMC-2","UBER",NA,NA,5.19303727946663,NA,NA,NA,NA,NA,NA,NA
"2012-05-29",150,2012,"summer",103,"DMC-2","UBER",26582.2749223155,2.31578947368421,6.09493589290232,25917.7180492576,35886.0711451259,11297.4668419841,5316.45498446309,7974.68247669464,664.556873057886,1329.11374611577
"2012-05-29",150,2012,"summer",102,"DMC-2","UBER",NA,NA,NA,NA,NA,NA,NA,NA,NA,NA
"2012-05-29",150,2012,"summer",100,"DMC-2","UBER",NA,NA,4.56329052833081,NA,NA,NA,NA,NA,NA,NA
"2012-06-14",166,2012,"summer",102,"DMC-2","UBER",59267.3867871911,2.54970760233918,7.84533036638138,24314.8253485912,46350.135820752,37232.0763150303,8358.22121357824,12917.2509664391,0,759.838292143476
"2012-06-14",166,2012,"summer",102,"DMC-2","UBER",NA,NA,NA,NA,NA,NA,NA,NA,NA,NA
"2012-06-14",166,2012,"summer",102,"DMC-2","UBER",NA,NA,6.0882043157996,NA,NA,NA,NA,NA,NA,NA
"2012-07-05",187,2012,"summer",100,"DMC-2","UBER",NA,NA,5.89180564583475,NA,NA,NA,NA,NA,NA,NA
"2012-07-05",187,2012,"summer",107,"DMC-2","UBER",NA,NA,NA,NA,NA,NA,NA,NA,NA,NA
"2012-07-05",187,2012,"summer",100,"DMC-2","UBER",22945.4742488539,4.34375,6.65172027687206,246.725529557569,493.451059115138,3207.4318842484,8141.94247539978,10115.7467118603,1233.62764778785,246.725529557569
"2012-07-17",199,2012,"summer",105,"DMC-2","UBER",NA,NA,5.91520415083972,NA,NA,NA,NA,NA,NA,NA
"2012-07-17",199,2012,"summer",108,"DMC-2","UBER",NA,NA,NA,NA,NA,NA,NA,NA,NA,NA
"2012-07-17",199,2012,"summer",108,"DMC-2","UBER",11390.1180250797,4.02439024390244,4.32247534530191,837.508678314684,1507.51562096643,1172.51214964056,3517.53644892167,6365.0659551916,167.501735662937,167.501735662937
"2012-08-02",215,2012,"summer",108,"DMC-2","UBER",NA,NA,2.84673307659585,NA,NA,NA,NA,NA,NA,NA
"2012-08-02",215,2012,"summer",108,"DMC-2","UBER",NA,NA,NA,NA,NA,NA,NA,NA,NA,NA
"2012-08-02",215,2012,"summer",108,"DMC-2","UBER",7894.43448861856,4.08510638297872,3.44828898462859,394.721724430928,986.80431107732,789.443448861856,2960.41293323196,3552.49551987835,394.721724430928,197.360862215464
"2012-08-13",226,2012,"summer",107,"DMC-2","UBER",NA,NA,4.6722787756326,NA,NA,NA,NA,NA,NA,NA
"2012-08-13",226,2012,"summer",106,"DMC-2","UBER",NA,NA,NA,NA,NA,NA,NA,NA,NA,NA
"2012-08-13",226,2012,"summer",106,"DMC-2","UBER",9566.64680991786,4.81666666666667,3.74055890267788,0,0,0,2391.66170247947,6537.20865344387,637.776453994524,0
"2012-09-11",255,2012,"winter",105,"DMC-2","UBER",10471.7687407501,4.92753623188406,4.52448703744364,0,0,0,1365.88287922827,8498.82680408703,607.059057434788,0
"2012-09-18",262,2012,"winter",105,"DMC-2","UBER",5918.82580998919,4.8974358974359,1.88757425671129,0,0,0,910.588586152182,4704.70769511961,303.529528717394,0
"2012-10-09",283,2012,"winter",105,"DMC-2","UBER",7317.22971015146,4.91111111111111,2.35709649644603,0,0,162.605104670032,650.42041868013,6178.99397746123,325.210209340065,0
"2012-10-19",293,2012,"winter",105,"DMC-2","UBER",497.978133051974,4.83333333333333,0.7161399818176,0,0,0,82.9963555086624,414.981777543312,0,0
"2013-01-29",29,2013,"winter",105,"DMC-2","UBER",189.705955448371,5.66666666666667,0.801507661769371,0,0,0,0,63.2353184827904,63.2353184827904,63.2353184827904
"2013-01-29",29,2013,"winter",105,"DMC-2","UBER",NA,NA,1.01966951053499,NA,NA,NA,NA,NA,NA,NA
"2013-03-05",64,2013,"winter",105,"DMC-2","UBER",NA,NA,0.156507413244912,NA,NA,NA,NA,NA,NA,NA
"2013-03-05",64,2013,"winter",105,"DMC-2","UBER",406.512761675081,3.23076923076923,0.374669262010519,338.760634729234,135.504253891694,67.7521269458469,0,0,338.760634729234,0
"2013-04-10",100,2013,"spring",102,"DMC-2","UBER",NA,NA,2.15129216463121,NA,NA,NA,NA,NA,NA,NA
"2013-04-10",100,2013,"spring",100,"DMC-2","UBER",22055.9042202657,2.37012987012987,2.06298759301623,16351.7910598521,20154.5331667945,12549.0489529098,4563.29052833082,3422.46789624811,1521.09684277694,0
"2013-06-13",164,2013,"summer",107,"DMC-2","UBER",NA,NA,5.44188134489473,NA,NA,NA,NA,NA,NA,NA
"2013-06-13",164,2013,"summer",108,"DMC-2","UBER",26423.0215446668,3.14173228346457,5.60409836029045,5284.60430893338,7771.47692490202,8393.19507889418,12745.2221568393,4662.88615494121,310.859076996081,310.859076996081
"2013-07-16",197,2013,"summer",102,"DMC-2","UBER",NA,NA,3.68601461229647,NA,NA,NA,NA,NA,NA,NA
"2013-07-16",197,2013,"summer",105,"DMC-2","UBER",12378.3135930062,2.98387096774194,4.22095750872626,7256.2527959002,6829.41439614136,1280.51519927651,2561.03039855301,7256.2527959002,1280.51519927651,0
"2013-08-07",219,2013,"summer",108,"DMC-2","UBER",NA,NA,3.11739341372687,NA,NA,NA,NA,NA,NA,NA
"2013-08-07",219,2013,"summer",108,"DMC-2","UBER",9341.44295043302,3.40476190476191,4.97387098399109,2254.83105700107,1932.71233457235,1771.65297335799,3221.18722428725,4348.60275278778,0,0
"2013-09-30",273,2013,"winter",100,"DMC-2","UBER",NA,NA,5.08969868570611,NA,NA,NA,NA,NA,NA,NA
"2013-09-30",273,2013,"winter",100,"DMC-2","UBER",4086.00759041868,4.73076923076923,3.3393508187678,0,0,0,1257.23310474421,2671.62034758144,157.154138093026,0
"2014-01-30",30,2014,"winter",106,"DMC-2","UBER",NA,NA,0.730054734681856,NA,NA,NA,NA,NA,NA,NA
"2014-01-30",30,2014,"winter",106,"DMC-2","UBER",1011.33123419132,5.75,1.61654976965269,0,0,0,0,252.832808547829,758.498425643488,0
"2014-03-10",69,2014,"winter",105,"DMC-2","UBER",NA,NA,NA,NA,NA,NA,NA,NA,NA,NA
"2014-03-10",69,2014,"winter",105,"DMC-2","UBER",NA,NA,NA,NA,NA,NA,NA,NA,NA,NA
"2014-05-13",133,2014,"spring",142,"DMC-2","UBER",NA,NA,1.55705838785265,NA,NA,NA,NA,NA,NA,NA
"2014-05-13",133,2014,"spring",142,"DMC-2","UBER",14962.7232466321,3.83908045977011,1.41327596915454,2104.13295655764,3273.09571020077,2805.51060874352,3740.68081165802,4442.0584638439,3974.47336238665,0
"2014-06-09",160,2014,"summer",105,"DMC-2","UBER",30036.7762793255,4.78048780487805,6.41680394304116,790.44148103488,1580.88296206976,1580.88296206976,1580.88296206976,21341.9199879418,4742.64888620928,790.44148103488
"2014-06-09",160,2014,"summer",105,"DMC-2","UBER",NA,NA,7.24676749812777,NA,NA,NA,NA,NA,NA,NA
"2014-07-03",184,2014,"summer",105,"DMC-2","UBER",43459.9097936269,3.62857142857143,7.98213676542948,0,7243.31829893781,17383.9639174507,13037.9729380881,13037.9729380881,0,0
"2014-07-03",184,2014,"summer",105,"DMC-2","UBER",NA,NA,6.81354807986751,NA,NA,NA,NA,NA,NA,NA
"2014-08-12",224,2014,"summer",105,"DMC-2","UBER",NA,NA,7.28945133810368,NA,NA,NA,NA,NA,NA,NA
"2014-08-12",224,2014,"summer",107,"DMC-2","UBER",17374.9379756452,2.42105263157895,7.87084690296729,18164.7078836291,9477.23889580648,4738.61944790324,5528.38935588711,7107.92917185486,0,0
"2014-09-09",252,2014,"winter",105,"DMC-2","UBER",NA,NA,5.10309020156119,NA,NA,NA,NA,NA,NA,NA
"2014-09-09",252,2014,"winter",105,"DMC-2","UBER",18970.5955448371,4.28,7.5597823246176,0,790.44148103488,3952.2074051744,3952.2074051744,11066.1807344883,0,0
"2014-09-12",255,2014,"winter",105,"DMC-2","UBER",NA,NA,1.09080924382814,NA,NA,NA,NA,NA,NA,NA
"2015-04-08",98,2015,"spring",100,"DMC-2","UBER",6654.79868714911,1.69230769230769,1.96791904034267,19964.3960614473,10457.5407940915,4753.42763367794,1901.37105347117,0,0,0
"2015-04-08",98,2015,"spring",100,"DMC-2","UBER",NA,NA,1.98217932324369,NA,NA,NA,NA,NA,NA,NA
"2015-04-08",98,2015,"spring",100,"DMC-2","UBER",NA,NA,NA,NA,NA,NA,NA,NA,NA,NA
"2015-05-14",134,2015,"spring",102,"DMC-2","UBER",20183.2046350611,2.03448275862069,4.2123535320704,24932.1939609578,23744.9466294836,14246.9679776902,4748.98932589672,1187.24733147418,0,0
"2015-05-14",134,2015,"spring",108,"DMC-2","UBER",NA,NA,NA,NA,NA,NA,NA,NA,NA,NA
"2015-05-29",149,2015,"summer",105,"DMC-2","UBER",52169.137748302,3.27848101265823,9.76511405670491,15176.4764358697,7588.23821793485,7588.23821793485,31301.4826489812,12330.8871041441,0,948.529777241856
"2015-06-17",168,2015,"summer",101,"DMC-2","UBER",NA,NA,8.78678157631356,NA,NA,NA,NA,NA,NA,NA
"2015-06-17",168,2015,"summer",101,"DMC-2","UBER",NA,NA,7.10190326655446,NA,NA,NA,NA,NA,NA,NA
"2015-06-17",168,2015,"summer",97,"DMC-2","UBER",NA,NA,NA,NA,NA,NA,NA,NA,NA,NA
"2015-07-07",188,2015,"summer",104,"DMC-2","UBER",NA,NA,4.82538199153938,NA,NA,NA,NA,NA,NA,NA
"2015-07-07",188,2015,"summer",104,"DMC-2","UBER",7591.55475561751,1.82352941176471,4.55493285337051,17080.9982001394,7591.55475561751,5693.66606671313,0,1897.88868890438,0,0
"2015-07-13",194,2015,"summer",105,"DMC-2","UBER",NA,NA,4.26838399758836,NA,NA,NA,NA,NA,NA,NA
"2015-07-13",194,2015,"summer",103,"DMC-2","UBER",NA,NA,4.27215132680071,NA,NA,NA,NA,NA,NA,NA
"2015-07-15",196,2015,"summer",102,"DMC-2","UBER",NA,NA,2.74407255188987,NA,NA,NA,NA,NA,NA,NA
"2015-07-15",196,2015,"summer",100,"DMC-2","UBER",NA,NA,3.43713561580345,NA,NA,NA,NA,NA,NA,NA
"2015-07-15",196,2015,"summer",100,"DMC-2","UBER",NA,NA,NA,NA,NA,NA,NA,NA,NA,NA
"2015-08-20",232,2015,"summer",105,"DMC-2","UBER",NA,NA,6.14699033640572,NA,NA,NA,NA,NA,NA,NA
"2015-08-20",232,2015,"summer",104,"DMC-2","UBER",6268.25622023464,2.35,5.76366159450577,3917.66013764665,5484.72419270531,3917.66013764665,1567.06405505866,783.53202752933,0,0
"2015-09-10",253,2015,"winter",105,"DMC-2","UBER",NA,NA,5.13659054869377,NA,NA,NA,NA,NA,NA,NA
"2015-09-10",253,2015,"winter",105,"DMC-2","UBER",25064.1807804514,3.17073170731707,NA,1566.51129877822,5482.78954572376,13315.3460396148,10182.3234420584,783.255649389108,783.255649389108,0
"2015-09-17",260,2015,"winter",104,"DMC-2","UBER",NA,NA,6.9605067665568,NA,NA,NA,NA,NA,NA,NA
"2015-09-17",260,2015,"winter",104,"DMC-2","UBER",NA,NA,6.5002687594975,NA,NA,NA,NA,NA,NA,NA
"2015-09-17",260,2015,"winter",104,"DMC-2","UBER",NA,NA,NA,NA,NA,NA,NA,NA,NA,NA
"2015-11-06",310,2015,"winter",103,"DMC-2","UBER",NA,NA,3.86867036815842,NA,NA,NA,NA,NA,NA,NA
"2015-11-06",310,2015,"winter",101,"DMC-2","UBER",NA,NA,4.29982378970981,NA,NA,NA,NA,NA,NA,NA
"2015-12-11",345,2015,"winter",105,"DMC-2","UBER",NA,NA,1.5318755902456,NA,NA,NA,NA,NA,NA,NA
"2015-12-11",345,2015,"winter",103,"DMC-2","UBER",NA,NA,1.2935124850591,NA,NA,NA,NA,NA,NA,NA
"2016-02-02",33,2016,"winter",102,"DMC-2","UBER",NA,NA,0.955035068361172,NA,NA,NA,NA,NA,NA,NA
"2016-02-02",33,2016,"winter",101,"DMC-2","UBER",NA,NA,1.08802171032436,NA,NA,NA,NA,NA,NA,NA
"2016-03-04",64,2016,"winter",100,"DMC-2","UBER",4106.96147549773,5.85714285714286,0.650268900287142,0,0,0,0,586.708782213963,3520.25269328377,0
"2016-03-04",64,2016,"winter",100,"DMC-2","UBER",1173.41756442793,6,0.650268900287142,0,0,0,0,0,1173.41756442793,0
"2016-04-22",113,2016,"spring",106,"DMC-2","UBER",NA,NA,1.498973972029,NA,NA,NA,NA,NA,NA,NA
"2016-04-22",113,2016,"spring",106,"DMC-2","UBER",NA,NA,1.48923649224034,NA,NA,NA,NA,NA,NA,NA
"2016-05-04",125,2016,"spring",108,"DMC-2","UBER",NA,NA,0.860144047998863,NA,NA,NA,NA,NA,NA,NA
"2016-05-04",125,2016,"spring",100,"DMC-2","UBER",NA,NA,0.791785231552635,NA,NA,NA,NA,NA,NA,NA
"2016-07-26",208,2016,"summer",102,"DMC-2","UBER",NA,NA,7.47965818828734,NA,NA,NA,NA,NA,NA,NA
"2016-07-26",208,2016,"summer",102,"DMC-2","UBER",NA,NA,5.71303415905376,NA,NA,NA,NA,NA,NA,NA
"2016-09-16",260,2016,"winter",105,"DMC-2","UBER",NA,NA,3.95821476043027,NA,NA,NA,NA,NA,NA,NA
"2016-09-16",260,2016,"winter",107,"DMC-2","UBER",NA,NA,4.23048713032004,NA,NA,NA,NA,NA,NA,NA
"2016-11-03",308,2016,"winter",105,"DMC-2","UBER",1153.32597914635,5.2,2.71723600686881,0,0,0,0,922.660783317078,0,230.66519582927
"2016-11-03",308,2016,"winter",105,"DMC-2","UBER",NA,NA,2.0529202428805,NA,NA,NA,NA,NA,NA,NA
"2017-03-21",80,2017,"spring",105,"DMC-2","UBER",NA,NA,0.439427976802215,NA,NA,NA,NA,NA,NA,NA
"2017-03-21",80,2017,"spring",105,"DMC-2","UBER",3090.48247421347,1.89583333333333,0.376652551544763,5022.03402059688,1158.93092783005,2124.70670102176,965.775773191708,0,0,0
"2017-05-09",129,2017,"spring",105,"DMC-2","UBER",81125.1649481034,2.13492063492063,7.30126484532931,71467.4072161864,90782.9226800206,61809.6494842693,15452.4123710673,3863.10309276683,0,0
"2017-05-09",129,2017,"spring",102,"DMC-2","UBER",NA,NA,8.02623579154358,NA,NA,NA,NA,NA,NA,NA
"2017-05-30",150,2017,"summer",105,"DMC-2","UBER",41261.0453100208,3.23076923076923,4.89441365056798,9248.1653281081,4979.78133051974,12805.1519927651,21341.9199879418,6402.57599638253,0,711.397332931392
"2017-05-30",150,2017,"summer",103,"DMC-2","UBER",NA,NA,5.11234108773818,NA,NA,NA,NA,NA,NA,NA
"2017-06-22",173,2017,"summer",105,"DMC-2","UBER",NA,NA,7.04490311553477,NA,NA,NA,NA,NA,NA,NA
"2017-06-22",173,2017,"summer",105,"DMC-2","UBER",32885.9585268739,3.40540540540541,7.35183872845225,11692.7852539996,9500.38801887468,5115.59354862483,3653.99539187488,21193.1732728743,2923.1963134999,0
"2017-07-12",193,2017,"summer",107,"DMC-2","UBER",NA,NA,6.99750241507784,NA,NA,NA,NA,NA,NA,NA
"2017-07-12",193,2017,"summer",107,"DMC-2","UBER",46493.4724223292,2.81981981981982,5.82812113900106,15497.8241407764,16202.2706926299,25360.075866725,9862.25172594862,10566.6982778021,704.446551853473,0
"2018-09-13",256,2018,"winter",107,"DMC-2","UBER",NA,NA,NA,NA,NA,NA,NA,NA,NA,NA
"2019-06-24",175,2019,"summer",101,"DMC-2","UBER",NA,NA,5.86708782213962,NA,NA,NA,NA,NA,NA,NA
"2019-06-24",175,2019,"summer",101,"DMC-2","UBER",16643.3778871885,3.64285714285714,5.7765463434029,1707.01311663472,5547.79262906283,3271.77514021654,3840.77951242812,8108.31230401491,711.255465264466,711.255465264466
"2019-09-07",250,2019,"winter",106,"DMC-2","UBER",NA,NA,NA,NA,NA,NA,NA,NA,NA,NA
"2019-09-07",250,2019,"winter",106,"DMC-2","UBER",54868.2310216644,3.2469512195122,7.35196807342188,2194.72924086657,14924.1588378927,28970.4259794388,14924.1588378927,10754.1732802462,219.472924086657,0
"2019-09-19",262,2019,"winter",105,"DMC-2","UBER",NA,NA,7.01696460209601,NA,NA,NA,NA,NA,NA,NA
"2019-09-19",262,2019,"winter",105,"DMC-2","UBER",NA,NA,11.521403169248,NA,NA,NA,NA,NA,NA,NA
"2019-09-27",270,2019,"winter",105,"DMC-2","UBER",NA,NA,3.90686480748958,NA,NA,NA,NA,NA,NA,NA
"2019-09-27",270,2019,"winter",105,"DMC-2","UBER",NA,NA,4.64025078525703,NA,NA,NA,NA,NA,NA,NA
"2020-07-23",205,2020,"summer",105,"DMC-2","UBER",27801.7348501923,4.64640883977901,6.69554235258064,163.539616765837,1635.39616765837,1144.77731736086,4088.49041914593,21096.610562793,1144.77731736086,327.079233531674
"2020-07-23",205,2020,"summer",105,"DMC-2","UBER",NA,NA,6.52351354298086,NA,NA,NA,NA,NA,NA,NA
"2020-08-12",225,2020,"summer",105,"DMC-2","UBER",NA,NA,5.21066210129839,NA,NA,NA,NA,NA,NA,NA
"2020-08-12",225,2020,"summer",105,"DMC-2","UBER",20702.0387890088,3.79508196721311,4.50443856715195,376.400705254705,1882.00352627352,6587.01234195733,8092.61516297615,5269.60987356587,752.80141050941,0
"2020-08-19",232,2020,"summer",107,"DMC-2","UBER",NA,NA,4.98883547839341,NA,NA,NA,NA,NA,NA,NA
"2020-08-19",232,2020,"summer",107,"DMC-2","UBER",NA,NA,4.8484961863515,NA,NA,NA,NA,NA,NA,NA
"2020-09-10",254,2020,"winter",105,"DMC-2","UBER",NA,NA,NA,NA,NA,NA,NA,NA,NA,NA
"2020-09-10",254,2020,"winter",105,"DMC-2","UBER",NA,NA,4.2599765745628,NA,NA,NA,NA,NA,NA,NA
"2020-10-09",283,2020,"winter",105,"DMC-2","UBER",7664.25053570011,4.38775510204082,4.45916782778359,0,326.13832066809,489.207481002135,3261.3832066809,3587.52152734899,326.13832066809,0
"2021-04-21",111,2021,"spring",105,"DMC-2","UBER",NA,NA,2.48536359132303,NA,NA,NA,NA,NA,NA,NA
"2021-06-02",153,2021,"summer",105,"DMC-2","UBER",5269.60987356586,3.89285714285714,4.07889361708935,0,878.268312260978,1976.1037025872,658.701234195733,2195.67078065244,439.134156130489,0
"2021-06-02",153,2021,"summer",105,"DMC-2","UBER",NA,NA,4.18754339157342,NA,NA,NA,NA,NA,NA,NA
"2021-06-30",181,2021,"summer",97,"DMC-2","UBER",11684.6875558076,4.08,5.56830094230844,0,486.861981491983,2596.59723462391,5517.76912357581,2596.59723462391,486.861981491983,486.861981491983
"2021-06-30",181,2021,"summer",NA,"DMC-2","UBER",NA,NA,NA,NA,NA,NA,NA,NA,NA,NA
"2021-07-28",209,2021,"summer",103,"DMC-2","UBER",2373.41740377816,3.42105263157895,2.21826622904971,730.282278085589,365.141139042795,547.711708564192,547.711708564192,1095.42341712838,182.570569521397,0
"2021-07-28",209,2021,"summer",105,"DMC-2","UBER",NA,NA,2.53516140462824,NA,NA,NA,NA,NA,NA,NA
"2021-08-19",231,2021,"summer",NA,"DMC-2","UBER",NA,NA,NA,NA,NA,NA,NA,NA,NA,NA
"2021-08-19",231,2021,"summer",103,"DMC-2","UBER",4357.325029376,3.59615384615385,3.63524037127942,506.665701090233,405.332560872186,1418.66396305265,1418.66396305265,1418.66396305265,101.333140218047,0
"2021-09-01",244,2021,"summer",105,"DMC-2","UBER",6097.69142512622,2.96923076923077,3.60355085372157,1185.66222155232,3726.36698202158,2371.32444310464,1863.18349101079,1693.80317364617,169.380317364617,0
"2021-09-01",244,2021,"summer",NA,"DMC-2","UBER",NA,NA,NA,NA,NA,NA,NA,NA,NA,NA
"2021-09-01",244,2021,"summer",NA,"DMC-2","UBER",NA,NA,NA,NA,NA,NA,NA,NA,NA,NA
"2021-10-15",288,2021,"winter",105,"DMC-2","UBER",317.911457482717,4.66666666666667,2.32691600353378,0,0,0,105.970485827572,211.940971655145,0,0
"2021-10-15",288,2021,"winter",105,"DMC-2","UBER",NA,NA,2.73887973178586,NA,NA,NA,NA,NA,NA,NA
"2021-10-15",288,2021,"winter",105,"DMC-2","UBER",NA,NA,1.85610031410281,NA,NA,NA,NA,NA,NA,NA
"2022-05-24",144,2022,"spring",106,"DMC-2","UBER",22768.8957550701,2.3542600896861,7.62811958356887,29022.3248708993,19722.3533653072,6734.46212473905,2886.19805345959,10743.0705323218,1282.75469042649,1122.41035412318
"2022-05-24",144,2022,"spring",106,"DMC-2","UBER",NA,NA,5.57282801624528,NA,NA,NA,NA,NA,NA,NA
"2022-06-07",158,2022,"summer",107,"DMC-2","UBER",52340.2057200221,2.74757281553398,NA,16477.4721711181,31016.4182044576,24877.752101492,16154.3844814883,11308.0691370418,0,0
"2022-06-15",166,2022,"summer",107,"DMC-2","UBER",40015.0086711829,3.96815286624204,7.4425095521586,263.256635994624,1053.0265439785,10530.265439785,17638.1946116398,11583.2919837635,0,263.256635994624
"2022-06-15",166,2022,"summer",107,"DMC-2","UBER",NA,NA,5.90330441363432,NA,NA,NA,NA,NA,NA,NA
"2022-06-16",167,2022,"summer",105,"DMC-2","UBER",50833.8288385928,3.92268041237113,NA,276.270808905395,2486.43728014855,13537.2696363644,22930.4771391478,13537.2696363644,276.270808905395,552.54161781079
"2022-06-16",167,2022,"summer",105,"DMC-2","UBER",NA,NA,7.56926762239001,NA,NA,NA,NA,NA,NA,NA
"2022-07-07",188,2022,"summer",105,"DMC-2","UBER",14642.3528719859,4.09523809523809,NA,276.270808905395,2486.43728014855,3315.24970686474,1657.62485343237,8564.39507606724,0,1105.08323562158
"2022-07-07",188,2022,"summer",105,"DMC-2","UBER",NA,NA,7.15730389413792,NA,NA,NA,NA,NA,NA,NA
"2022-07-11",192,2022,"summer",107,"DMC-2","UBER",NA,NA,5.87161489607646,NA,NA,NA,NA,NA,NA,NA
"2022-07-11",192,2022,"summer",107,"DMC-2","UBER",16279.4506839257,4.34615384615385,7.51494273514798,0,1605.01626461239,2522.16841581947,2751.45645362124,10088.6736632779,687.864113405309,229.28803780177
"2022-07-27",208,2022,"summer",NA,"DMC-2","UBER",NA,NA,NA,NA,NA,NA,NA,NA,NA,NA
"2022-07-27",208,2022,"summer",107,"DMC-2","UBER",56863.4333748389,2.97198879551821,8.70556318053588,16283.6195573402,19126.7912260822,20936.0822880089,23262.3136533432,12148.0971300792,516.940303407626,0
"2022-08-10",222,2022,"summer",107,"DMC-2","UBER",11846.5486197581,4.54205607476636,5.16086428799319,0,225.64854513825,1241.06699826037,3159.07963193549,6656.63208157836,676.945635414748,112.824272569125
"2022-08-10",222,2022,"summer",107,"DMC-2","UBER",NA,NA,NA,NA,NA,NA,NA,NA,NA,NA
"2022-08-24",236,2022,"summer",105,"DMC-2","UBER",10333.1456179979,4.23880597014925,5.69958608647669,0,317.942942092242,1112.80029732285,5087.08707347588,3974.28677615303,158.971471046121,0
"2022-08-24",236,2022,"summer",105,"DMC-2","UBER",NA,NA,5.8761419700133,NA,NA,NA,NA,NA,NA,NA
"2022-08-24",236,2022,"summer",105,"DMC-2","UBER",NA,NA,4.585925898015,NA,NA,NA,NA,NA,NA,NA
"2022-09-07",250,2022,"winter",105,"DMC-2","UBER",NA,NA,4.40937001447839,NA,NA,NA,NA,NA,NA,NA
"2022-09-07",250,2022,"winter",105,"DMC-2","UBER",NA,NA,4.38220757085737,NA,NA,NA,NA,NA,NA,NA
"2022-09-17",260,2022,"winter",102,"DMC-2","UBER",NA,NA,NA,NA,NA,NA,NA,NA,NA,NA
"2022-09-17",260,2022,"winter",102,"DMC-2","UBER",NA,NA,2.92901683713298,NA,NA,NA,NA,NA,NA,NA
"2022-11-18",322,2022,"winter",106,"DMC-2","UBER",NA,NA,NA,NA,NA,NA,NA,NA,NA,NA
"2022-11-18",322,2022,"winter",105,"DMC-2","UBER",NA,NA,3.42699497018495,NA,NA,NA,NA,NA,NA,NA
"2023-06-07",158,2023,"summer",105,"DMC-2","UBER",NA,NA,4.30524731393116,NA,NA,NA,NA,NA,NA,NA
"2023-06-07",158,2023,"summer",105,"DMC-2","UBER",13933.2366012569,3.89090909090909,3.82085040268969,1211.58579141365,1514.48223926706,2120.27513497388,5755.03250921483,5149.239613508,605.792895706824,302.896447853412
"2023-06-14",165,2023,"summer",105,"DMC-2","UBER",NA,NA,2.99692294618552,NA,NA,NA,NA,NA,NA,NA
"2023-06-14",165,2023,"summer",105,"DMC-2","UBER",16244.2499565362,3.75206611570248,3.03766661161704,656.333331577222,2953.4999920975,5086.58331972347,4594.33332104055,5086.58331972347,1148.58333026014,328.166665788611
"2023-07-06",187,2023,"summer",105,"DMC-2","UBER",5394.86109667641,4.40298507462687,2.21373915511287,174.027777312142,261.041665968213,870.138886560711,609.097220592498,3567.56943489892,174.027777312142,174.027777312142
"2023-07-06",187,2023,"summer",105,"DMC-2","UBER",NA,NA,2.70266314029117,NA,NA,NA,NA,NA,NA,NA
"2023-07-06",187,2023,"summer",94,"DMC-2","UBER",NA,NA,NA,NA,NA,NA,NA,NA,NA,NA
"2023-07-12",193,2023,"summer",105,"DMC-2","UBER",NA,NA,2.90185439351196,NA,NA,NA,NA,NA,NA,NA
"2023-07-12",193,2023,"summer",105,"DMC-2","UBER",5267.6407905034,3.56603773584906,2.62117580942812,1108.97700852703,970.354882461151,1663.46551279055,415.866378197636,2633.8203952517,277.244252131758,277.244252131758
"2023-07-20",201,2023,"summer",94,"DMC-2","UBER",36395.14423618,2.89180327868852,NA,5199.30631945429,19397.4120379641,19197.4387179851,11198.5059188246,5999.19959937033,0,0
"2023-07-26",207,2023,"summer",94,"DMC-2","UBER",18966.486625146,4.07738095238095,NA,0,1073.57471463091,4771.44317613737,6799.30652599575,6322.16220838202,596.430397017171,477.144317613737
"2023-07-31",212,2023,"summer",94,"DMC-2","UBER",18187.6186949236,4.32584269662921,NA,0,1082.59635088831,2598.23124213195,6495.57810532987,7145.13591586285,1082.59635088831,866.077080710649
"2023-08-10",222,2023,"summer",94,"DMC-2","UBER",20686.6155111494,4.6125,NA,0,130.104500070122,1561.25400084146,5074.07550273476,13530.8680072927,0,520.418000280488
"2023-08-17",229,2023,"summer",94,"DMC-2","UBER",12332.3454398627,3.68918918918919,NA,440.440908566527,3523.52726853221,3303.30681424895,2862.86590568242,5725.73181136485,440.440908566527,0
"2023-08-29",241,2023,"summer",94,"DMC-2","UBER",11033.1070861352,4.3956043956044,NA,0,247.934990699666,991.739962798666,4710.76482329366,4710.76482329366,123.967495349833,495.869981399333
"2023-08-29",241,2023,"summer",94,"DMC-2","UBER",11254.0245947516,4.1604938271605,NA,0,740.396354917868,1776.95125180288,4442.37812950721,4886.61594245793,0,148.079270983574
"2023-07-19",200,2023,"summer",105,"DMC-2","UBER",NA,NA,5.34194724546663,NA,NA,NA,NA,NA,NA,NA
"2023-08-23",235,2023,"summer",105,"DMC-2","UBER",NA,NA,3.16442468184846,NA,NA,NA,NA,NA,NA,NA
"2023-08-29",241,2023,"summer",105,"DMC-2","UBER",8486.75460692214,4.63157894736842,2.62570288336496,0,0,893.34259020233,1786.68518040466,5360.05554121398,148.890431700388,297.780863400777
"2023-08-29",241,2023,"summer",105,"DMC-2","UBER",9200.50770734151,4.57333333333333,NA,0,124.331185234345,870.318296640414,2362.29251945255,5470.57215031117,372.993555703035,124.331185234345
"2023-09-11",254,2023,"winter",105,"DMC-2","UBER",5624.29515351742,4.76315789473684,3.30476397389038,0,152.007977122092,152.007977122092,1064.05583985465,3952.2074051744,456.023931366277,0
"2023-09-11",254,2023,"winter",105,"DMC-2","UBER",5461.23205078644,4.86842105263158,4.22375998306811,0,0,0,1149.73306332346,3880.34908871668,431.149898746298,0
"2023-09-11",254,2023,"winter",105,"DMC-2","UBER",7042.1150128562,4.95918367346939,4.06531239527885,0,0,287.433265830865,574.866531661731,5317.51541787101,718.583164577164,143.716632915433
"2023-09-11",254,2023,"winter",94,"DMC-2","UBER",6171.44746135134,4.68292682926829,NA,0,154.286186533783,462.85855960135,1388.57567880405,3548.58229027702,617.144746135133,154.286186533783
"2023-09-11",254,2023,"winter",94,"DMC-2","UBER",2807.81079211161,4.61111111111111,NA,0,165.165340712447,330.330681424895,165.165340712447,2147.14942926182,165.165340712447,0
"2023-09-11",254,2023,"winter",94,"DMC-2","UBER",6194.87241784442,4.86046511627907,NA,0,0,0,1440.66800414986,4177.93721203461,576.267201659946,0
"2023-09-11",254,2023,"winter",94,"DMC-2","UBER",5182.77448442508,4.51351351351351,NA,0,296.158541967147,592.317083934294,1184.63416786859,2813.5061486879,592.317083934294,0
"2024-06-12",164,2024,"summer",100,"DMC-2","UBER",6669.3499962318,3.35135135135135,2.96523342862767,3408.77888696292,889.24666616424,1037.45444385828,1630.28555463444,2074.90888771656,889.24666616424,1037.45444385828
"2024-06-12",164,2024,"summer",100,"DMC-2","UBER",NA,NA,NA,NA,NA,NA,NA,NA,NA,NA
"2024-07-03",185,2024,"summer",107,"DMC-2","UBER",23034.9556495297,4.37378640776699,10.7291652303016,1711.16813396506,2369.30972395162,2500.93804194893,1447.91149797043,15663.7698416802,1316.28317997312,2106.053087957
"2024-07-03",185,2024,"summer",107,"DMC-2","UBER",NA,NA,NA,NA,NA,NA,NA,NA,NA,NA
"2024-07-25",207,2024,"summer",103,"DMC-2","UBER",NA,NA,NA,NA,NA,NA,NA,NA,NA,NA
"2024-07-25",207,2024,"summer",103,"DMC-2","UBER",12842.4640341421,3.96078431372549,NA,1463.06552287695,2275.87970225304,2438.44253812825,1625.62835875217,6827.63910675911,975.377015251301,975.377015251301
"2024-07-26",208,2024,"summer",105,"DMC-2","UBER",17455.5827061869,4.07738095238095,NA,0,988.0518512936,4391.34156130489,6257.66172485947,5818.52756872898,548.917695163111,439.134156130489
"2024-08-14",227,2024,"summer",103,"DMC-2","UBER",11550.6313650537,4.38372093023256,5.64526119923466,791.139134592722,1265.82261534836,791.139134592722,316.455653837089,9968.3530958683,474.683480755633,0
"2024-08-14",227,2024,"summer",105,"DMC-2","UBER",15127.41455084,4.79310344827586,NA,0,681.415069857655,817.698083829186,681.415069857655,12538.0372853809,545.132055886124,545.132055886124
"2024-08-28",241,2024,"summer",103,"DMC-2","UBER",17044.0041747828,4.13385826771654,NA,1911.47710371396,1274.31806914264,2070.76686235679,4141.53372471358,8601.64696671282,1752.18734507113,477.86927592849
"2025-03-26",85,2025,"spring",108,"DMC-2","UBER",NA,NA,NA,NA,NA,NA,NA,NA,NA,NA
"2025-04-15",105,2025,"spring",107,"DMC-2","UBER",NA,NA,NA,NA,NA,NA,NA,NA,NA,NA
"2025-05-08",128,2025,"spring",107,"DMC-2","UBER",NA,NA,NA,NA,NA,NA,NA,NA,NA,NA
"2025-05-08",128,2025,"spring",107,"DMC-2","UBER",NA,NA,NA,NA,NA,NA,NA,NA,NA,NA
"2025-05-29",149,2025,"summer",105,"DMC-2","UBER",NA,NA,3.96571676866846,NA,NA,NA,NA,NA,NA,NA
"2025-05-29",149,2025,"summer",105,"DMC-2","UBER",NA,NA,NA,NA,NA,NA,NA,NA,NA,NA
"2025-06-26",177,2025,"summer",105,"DMC-2","UBER",NA,NA,NA,NA,NA,NA,NA,NA,NA,NA
"2025-06-26",177,2025,"summer",105,"DMC-2","UBER",NA,NA,NA,NA,NA,NA,NA,NA,NA,NA
"2025-07-17",198,2025,"summer",105,"DMC-2","UBER",5707.79177881567,4.76785714285714,NA,0,439.060906062744,109.765226515686,987.887038641174,3512.48724850195,658.591359094116,439.060906062744
"2025-07-17",198,2025,"summer",105,"DMC-2","UBER",NA,NA,NA,NA,NA,NA,NA,NA,NA,NA
"2025-08-07",219,2025,"summer",105,"DMC-2","UBER",NA,NA,NA,NA,NA,NA,NA,NA,NA,NA
"2025-08-28",240,2025,"summer",105,"DMC-2","UBER",NA,NA,NA,NA,NA,NA,NA,NA,NA,NA
"2025-05-08",128,2025,"spring",NA,"DMC-2","MBON",7922.37938946324,4.03389830508475,NA,808.40606014931,808.40606014931,808.40606014931,2425.21818044793,4203.71151277641,323.362424059724,161.681212029862
"2025-05-29",149,2025,"summer",NA,"DMC-2","MBON",27539.6997824198,4.29113924050633,NA,754.512322806022,1509.02464561204,5281.58625964216,6036.09858244818,13203.9656491054,1886.28080701506,1131.76848420903
"2025-07-17",198,2025,"summer",NA,"DMC-2","MBON",5234.42923946678,4.45238095238095,NA,0,707.355302630646,707.355302630646,565.884242104517,3112.36333157484,282.942121052258,565.884242104517
"2025-06-26",177,2025,"summer",NA,"DMC-2","MBON",16071.1124757683,3.88372093023256,NA,679.06109052542,2716.24436210168,3621.65914946891,4753.42763367794,6564.25720841239,452.707393683613,679.06109052542
"2025-08-05",217,2025,"summer",NA,"DMC-2","MBON",8551.13965846825,3,NA,4275.56982923413,4024.06572163212,2766.54518362208,754.512322806022,3269.5533988261,1006.01643040803,754.512322806022
"2025-08-28",240,2025,"summer",NA,"DMC-2","MBON",13581.2218105084,4.36538461538462,NA,0,1131.76848420903,848.826363156775,4810.01605788839,7356.49514735872,282.942121052258,282.942121052258
"2025-11-24",328,2025,"winter",NA,"DMC-2","MBON",10940.4286806873,5,NA,0,0,0,188.628080701506,10563.1725192843,0,188.628080701506
