"DATE","day_of_year","year","season","Net_Depth","Station","source","CI","CSI","DW","Cfin_CI_m2","Cfin_CII_m2","Cfin_CIII_m2","Cfin_CIV_m2","Cfin_CV_m2","Cfin_F_m2","Cfin_M_m2","reference_prediction_CI","reference_difference_CI","reference_prediction_DW","reference_difference_DW"
2004-12-06,341,2004,"fall",255,"WB-7","UBER",NA,NA,19.5250035911074,NA,NA,NA,NA,NA,NA,NA,26258.9754272295,NA,12.9822318740438,6.54277171706363
2004-12-06,341,2004,"fall",255,"WB-7","UBER",NA,NA,21.8190761170602,NA,NA,NA,NA,NA,NA,NA,26258.9754272295,NA,12.9822318740438,8.83684424301643
2005-01-30,30,2005,"winter",250,"WB-7","UBER",12744.6185469811,5.3125,12.8877646248638,554.113849868742,0,0,0,6372.30927349054,4987.02464881868,1385.28462467186,17465.0510712979,-4720.43252431681,8.94478504100871,3.94297958385509
2005-01-30,30,2005,"winter",250,"WB-7","UBER",NA,NA,16.2032124932451,NA,NA,NA,NA,NA,NA,NA,17465.0510712979,NA,8.94478504100871,7.25842745223639
2005-02-14,45,2005,"winter",240,"WB-7","UBER",NA,NA,6.10485351786386,NA,NA,NA,NA,NA,NA,NA,13655.2602816571,NA,7.03571113881931,-0.930857620955447
2005-02-14,45,2005,"winter",240,"WB-7","UBER",24955.4950768092,5.11111111111111,9.45073841334718,1940.98295041849,554.566557262426,0,2772.83278631213,6932.08196578032,12200.4642597734,3050.11606494334,13655.2602816571,11300.2347951521,7.03571113881931,2.41502727452787
2005-03-18,77,2005,"spring",244,"WB-7","UBER",NA,NA,4.10703940054091,NA,NA,NA,NA,NA,NA,NA,5906.67462974746,NA,4.17347383474872,-0.0664344342078111
2005-03-18,77,2005,"spring",244,"WB-7","UBER",13998.1207914949,5.38679245283019,3.73745205291069,415.785766084007,277.190510722671,138.595255361336,138.595255361336,5128.02444836942,6791.16751270545,1801.73831969736,5906.67462974746,8091.44616174744,4.17347383474872,-0.436021781838031
2005-04-06,96,2005,"spring",258,"WB-7","UBER",10244.8735998494,4.81521739130435,6.95451554728516,2215.10780537284,276.888475671605,415.332713507408,276.888475671605,1107.55390268642,8306.65427014816,138.444237835803,10387.2778170849,-142.404217235549,5.57748666480446,1.3770288824807
2005-04-06,96,2005,"spring",258,"WB-7","UBER",NA,NA,6.95451554728516,NA,NA,NA,NA,NA,NA,NA,10387.2778170849,NA,5.57748666480446,1.3770288824807
2005-05-10,130,2005,"spring",280,"WB-7","UBER",29490.6530742468,2.12621359223301,NA,41471.2308856596,23961.1556228255,15666.9094456936,7372.6632685617,2764.74872571064,3686.33163428085,0,64391.697105004,-34901.0440307572,14.6673567711637,NA
2005-05-10,130,2005,"spring",280,"WB-7","UBER",NA,NA,NA,NA,NA,NA,NA,NA,NA,NA,64391.697105004,NA,14.6673567711637,NA
2005-06-17,168,2005,"summer",258,"WB-7","UBER",11075.5390268642,3.06896551724138,6.79299726981005,8860.43122149137,1476.73853691523,1476.73853691523,738.369268457614,6645.32341611852,738.369268457614,1476.73853691523,71202.6389465386,-60127.0999196744,15.7433708725278,-8.95037360271774
2005-06-17,168,2005,"summer",258,"WB-7","UBER",NA,NA,7.54521096205124,NA,NA,NA,NA,NA,NA,NA,71202.6389465386,NA,15.7433708725278,-8.19815991047654
2005-07-12,193,2005,"summer",250,"WB-7","UBER",NA,NA,9.56308152565139,NA,NA,NA,NA,NA,NA,NA,57678.809723944,NA,14.759640671454,-5.19655914580259
2005-07-12,193,2005,"summer",250,"WB-7","UBER",46545.5633889744,4.47651006711409,11.4239805381272,969.699237270299,646.4661581802,4202.0300281713,11959.6239263337,29414.2101971991,646.4661581802,323.2330790901,57678.809723944,-11133.2463349696,14.759640671454,-3.33566013332678
2005-08-16,228,2005,"summer",253,"WB-7","UBER",NA,NA,17.8844829378507,NA,NA,NA,NA,NA,NA,NA,53383.1358925992,NA,17.785337970402,0.0991449674487015
2005-08-16,228,2005,"summer",253,"WB-7","UBER",47088.7263722449,4.8735632183908,15.9547684649489,553.985016144058,553.985016144058,553.985016144058,2215.94006457623,43210.8312592365,0,1107.97003228812,53383.1358925992,-6294.40952035434,17.785337970402,-1.8305695054531
2005-09-13,256,2005,"fall",255,"WB-7","UBER",NA,NA,20.323543927103,NA,NA,NA,NA,NA,NA,NA,47058.0568667763,NA,15.493919756949,4.829624170154
2005-09-13,256,2005,"fall",255,"WB-7","UBER",59821.2875982864,4.95833333333333,20.794359616534,0,0,0,4154.25608321433,54005.3290817863,1661.70243328573,0,47058.0568667763,12763.2307315101,15.493919756949,5.300439859585
2005-10-20,293,2005,"fall",251,"WB-7","UBER",84680.451061367,4.99236641221374,28.5577202734217,0,0,0,3232.078284785,78862.710148754,2585.662627828,0,40856.1843084799,43824.2667528871,15.0316936442071,13.5260266292146
2005-10-20,293,2005,"fall",251,"WB-7","UBER",NA,NA,22.9477558219735,NA,NA,NA,NA,NA,NA,NA,40856.1843084799,NA,15.0316936442071,7.91606217776644
2006-02-09,40,2006,"winter",251,"WB-7","UBER",30058.3280485005,5.38172043010753,9.37302702587649,0,0,0,484.81174271775,17614.8266520782,6625.76048380925,5332.92916989525,15000.0896415886,15058.2384069119,7.66368276758063,1.70934425829586
2006-02-09,40,2006,"winter",251,"WB-7","UBER",NA,NA,12.2126386617947,NA,NA,NA,NA,NA,NA,NA,15000.0896415886,NA,7.66368276758063,4.54895589421407
2006-03-22,81,2006,"spring",252,"WB-7","UBER",6094.30381877893,5.54285714285714,4.20137611749153,184.675873296331,184.675873296331,92.3379366481655,0,1015.71730312982,3693.51746592662,1292.73111307432,5865.39052935813,228.913289420801,4.16922070702392,0.0321554104676052
2006-05-08,128,2006,"spring",247,"WB-7","UBER",26788.5476359502,2.93814432989691,8.90026401628896,12008.6592850811,6004.32964254055,9699.30173025782,7851.81568639918,8313.68719736384,923.743021929316,0,61262.691031417,-34474.1433954668,14.2563027512778,-5.35603873498881
2006-05-08,128,2006,"spring",247,"WB-7","UBER",NA,NA,20.0821732967433,NA,NA,NA,NA,NA,NA,NA,61262.691031417,NA,14.2563027512778,5.82587054546553
2006-06-06,157,2006,"summer",251,"WB-7","UBER",36476.312071145,4.88135593220339,14.405834640756,2308.627346275,2077.7646116475,692.5882038825,230.8627346275,23317.1361973775,11543.136731375,692.5882038825,76523.0068580597,-40046.6947869147,16.5956249910883,-2.18979035033229
2006-06-06,157,2006,"summer",251,"WB-7","UBER",NA,NA,13.6024323242523,NA,NA,NA,NA,NA,NA,NA,76523.0068580597,NA,16.5956249910883,-2.99319266683599
2006-06-26,177,2006,"summer",252,"WB-7","UBER",NA,NA,4.88005995185556,NA,NA,NA,NA,NA,NA,NA,65724.5618781125,NA,14.9565233024042,-10.0764633505486
2006-06-26,177,2006,"summer",252,"WB-7","UBER",43398.8302246379,3.45112781954887,8.97524744220168,6463.65556537159,11542.2420810207,11080.5523977799,13389.000813984,18005.8976463923,923.379366481655,0,65724.5618781125,-22325.7316534746,14.9565233024042,-5.9812758602025
2006-07-18,199,2006,"summer",252,"WB-7","UBER",NA,NA,15.8451899288252,NA,NA,NA,NA,NA,NA,NA,56093.4864909106,NA,15.2724499863244,0.5727399425008
2006-07-18,199,2006,"summer",252,"WB-7","UBER",50324.1754732502,4.71171171171171,15.2634609279418,0,923.379366481655,1846.75873296331,9233.79366481655,38320.2437089887,923.379366481655,0,56093.4864909106,-5769.31101766045,15.2724499863244,-0.00898905838259978
2006-08-03,215,2006,"summer",252,"WB-7","UBER",NA,NA,16.9855634464301,NA,NA,NA,NA,NA,NA,NA,54463.4116451518,NA,17.1618508740775,-0.176287427647402
2006-08-03,215,2006,"summer",252,"WB-7","UBER",39889.9886320076,4.85135135135135,19.6448960218972,0,1108.05523977799,0,3324.16571933396,36011.7952927846,554.027619888993,0,54463.4116451518,-14573.4230131442,17.1618508740775,2.4830451478197
2006-08-31,243,2006,"summer",252,"WB-7","UBER",NA,NA,18.6107111314378,NA,NA,NA,NA,NA,NA,NA,50232.414356792,NA,16.7044049261797,1.90630620525806
2006-08-31,243,2006,"summer",252,"WB-7","UBER",38781.9333922296,4.79545454545455,19.100102195673,1846.75873296331,0,0,923.379366481655,37858.5540257479,0,0,50232.414356792,-11450.4809645624,16.7044049261797,2.39569726949326
2006-09-14,257,2006,"fall",255,"WB-7","UBER",NA,NA,18.9618710998272,NA,NA,NA,NA,NA,NA,NA,46840.3998880829,NA,15.4266157635576,3.53525533626957
2006-09-14,257,2006,"fall",255,"WB-7","UBER",52435.9434503498,4.93661971830986,18.9526394196423,0,0,0,4431.20648876195,46896.9353393974,1107.80162219049,0,46840.3998880829,5595.5435622669,15.4266157635576,3.52602365608467
2006-10-09,282,2006,"fall",253,"WB-7","UBER",NA,NA,25.1647693583438,NA,NA,NA,NA,NA,NA,NA,42719.4197812887,NA,14.9466591021469,10.2181102561969
2006-10-09,282,2006,"fall",253,"WB-7","UBER",61400.0059559665,4.89473684210526,30.3999277609052,0,0,0,9694.73778252101,48473.6889126051,3231.57926084034,0,42719.4197812887,18680.5861746778,14.9466591021469,15.4532686587583
2006-10-16,289,2006,"fall",252,"WB-7","UBER",38227.9057723405,4.89855072463768,24.7881190932,0,0,0,3878.19333922295,34349.7124331176,0,0,41586.668767206,-3358.76299486546,15.0058242481307,9.78229484506933
2006-12-12,346,2006,"fall",248,"WB-7","UBER",NA,NA,29.2895477240965,NA,NA,NA,NA,NA,NA,NA,24745.5513670974,NA,12.5059418523891,16.7836058717074
2006-12-12,346,2006,"fall",248,"WB-7","UBER",98555.494864746,5.03092783505155,31.4001316581728,0,0,0,1016.03602953346,93475.3147170787,4064.14411813386,0,24745.5513670974,73809.9434976486,12.5059418523891,18.8941898057837
2007-02-22,53,2007,"winter",250,"WB-7","UBER",19393.984745406,5.33035714285714,7.94691613020088,1108.22769973748,184.704616622914,0,184.704616622914,7203.48004829365,9604.64006439154,2401.16001609788,11322.1705118008,8071.81423360523,6.06567719515314,1.88123893504774
2007-02-22,53,2007,"winter",250,"WB-7","UBER",21333.3832199466,5.27160493827161,8.270149209291,1108.22769973748,0,0,277.056924934371,10251.1062225717,10805.2200724405,0,11322.1705118008,10011.2127081458,6.06567719515314,2.20447201413786
2007-03-01,60,2007,"winter",254,"WB-7","UBER",14402.5114444037,5.36363636363636,6.1302997430026,830.914121792521,0,0,276.97137393084,4985.48473075513,8032.16984399437,1107.88549572336,9177.19529604685,5225.31614835685,5.28118837722926,0.849111365773343
2007-04-10,100,2007,"spring",255,"WB-7","UBER",1984.81123975796,5.36170212765957,1.36628866736828,138.475202773811,46.1584009246037,46.1584009246037,46.1584009246037,276.950405547622,1292.4352258889,323.108806472226,13702.9943278914,-11718.1830881334,6.42641027781306,-5.06012161044478
2007-04-10,100,2007,"spring",255,"WB-7","UBER",NA,NA,1.17242338348492,NA,NA,NA,NA,NA,NA,NA,13702.9943278914,NA,6.42641027781306,-5.25398689432814
2007-04-26,116,2007,"spring",257,"WB-7","UBER",5538.17916630848,1.55555555555556,12.6178182005728,30459.9854146966,13845.4479157712,4153.63437473136,0,1384.54479157712,0,0,38176.9786297843,-32638.7994634759,11.1022255148582,1.51559268571464
2007-05-23,143,2007,"spring",245,"WB-7","UBER",NA,NA,18.7642595218657,NA,NA,NA,NA,NA,NA,NA,76599.093983965,NA,16.4354185785849,2.32884094328078
2007-05-23,143,2007,"spring",245,"WB-7","UBER",87215.4652321083,4.7,16.1588822765845,0,1478.22822427302,1478.22822427302,28086.3362611874,48781.5314010097,7391.14112136511,1478.22822427302,76599.093983965,10616.3712481433,16.4354185785849,-0.276536302000423
2007-06-18,169,2007,"summer",257,"WB-7","UBER",42090.1616639444,4.92903225806452,11.4501854263428,830.726874946272,0,830.726874946272,3322.90749978509,32675.25708122,4430.54333304678,830.726874946272,70613.3292471739,-28523.1675832295,15.6499468925154,-4.19976146617259
2007-08-20,232,2007,"summer",255,"WB-7","UBER",62960.0588611594,4.859375,18.5833722122454,1015.48482034128,1015.48482034128,0,5585.16651187705,53820.6954780879,3554.19687119448,0,52716.3174842937,10243.7413768657,17.6316492174608,0.951722994784561
2007-08-20,232,2007,"summer",255,"WB-7","UBER",NA,NA,21.8006127566903,NA,NA,NA,NA,NA,NA,NA,52716.3174842937,NA,17.6316492174608,4.16896353922946
2007-09-11,254,2007,"fall",245,"WB-7","UBER",101997.747474839,4.64864864864865,27.7444959843243,3695.57056068256,3695.57056068256,4434.68467281907,8130.25523350162,84998.1228956988,2956.45644854604,1478.22822427302,47511.3865821319,54486.3608927071,15.6446140191851,12.0998819651392
2007-09-11,254,2007,"fall",245,"WB-7","UBER",NA,NA,26.1369227904274,NA,NA,NA,NA,NA,NA,NA,47511.3865821319,NA,15.6446140191851,10.4923087712423
2008-01-17,17,2008,"winter",253,"WB-7","UBER",NA,NA,11.7952643020672,NA,NA,NA,NA,NA,NA,NA,20438.951503794,NA,10.5892981697821,1.20596613228509
2008-01-17,17,2008,"winter",254,"WB-7","UBER",NA,NA,12.8745526982186,NA,NA,NA,NA,NA,NA,NA,20438.951503794,NA,10.5892981697821,2.2852545284365
2008-04-17,108,2008,"spring",255,"WB-7","UBER",NA,NA,1.3385936268135,NA,NA,NA,NA,NA,NA,NA,23863.1236144407,NA,8.61272086567628,-7.27412723886278
2008-04-17,108,2008,"spring",255,"WB-7","UBER",NA,NA,1.26012434524168,NA,NA,NA,NA,NA,NA,NA,23863.1236144407,NA,8.61272086567628,-7.3525965204346
2008-06-09,161,2008,"summer",255,"WB-7","UBER",47635.469754191,4.33333333333333,5.51131307039768,1661.70243328573,553.900811095244,553.900811095244,24925.536499286,21048.2308216193,553.900811095244,553.900811095244,74909.5957656169,-27274.1260114259,16.3471533829929,-10.8358403125952
2008-06-09,161,2008,"summer",255,"WB-7","UBER",NA,NA,5.61747739252428,NA,NA,NA,NA,NA,NA,NA,74909.5957656169,NA,16.3471533829929,-10.7296759904686
2008-07-11,193,2008,"summer",245,"WB-7","UBER",NA,NA,11.3869767901031,NA,NA,NA,NA,NA,NA,NA,57678.809723944,NA,14.759640671454,-3.37266388135088
2008-07-11,193,2008,"summer",245,"WB-7","UBER",NA,NA,12.2323385558593,NA,NA,NA,NA,NA,NA,NA,57678.809723944,NA,14.759640671454,-2.52730211559468
2012-04-06,97,2012,"spring",256,"WB-7","UBER",0,1.11764705882353,0.895405709835015,5538.59201959795,738.478935946394,0,0,0,0,0,11109.8055709666,-11109.8055709666,5.7716106130426,-4.87620490320758
2012-04-06,97,2012,"spring",256,"WB-7","UBER",1846.19733986598,1.79166666666667,1.48618885859211,7384.78935946394,1846.19733986598,461.549334966496,461.549334966496,0,923.098669932992,0,11109.8055709666,-9263.60823110057,5.7716106130426,-4.28542175445049
2012-05-24,145,2012,"spring",255,"WB-7","UBER",101525.757898288,4.70899470899471,16.4197681818291,551.770423360262,2207.08169344105,3862.39296352184,23726.1282044913,64005.3691097905,9931.86762048473,0,77299.5665666779,24226.1913316101,16.5661662479796,-0.146398066150539
2012-05-24,145,2012,"spring",255,"WB-7","UBER",NA,NA,NA,NA,NA,NA,NA,NA,NA,NA,77299.5665666779,NA,16.5661662479796,NA
2012-05-24,145,2012,"spring",255,"WB-7","UBER",171416.678190588,4.61410788381743,13.7252892810865,2207.08169344105,3678.46948906842,2207.08169344105,56648.4301316536,100054.370102661,8828.3267737642,3678.46948906842,77299.5665666779,94117.1116239101,16.5661662479796,-2.84087696689314
2012-05-24,145,2012,"spring",255,"WB-7","UBER",NA,NA,NA,NA,NA,NA,NA,NA,NA,NA,77299.5665666779,NA,16.5661662479796,NA
2012-06-11,163,2012,"summer",253,"WB-7","UBER",84796.6398044504,3.22410147991543,17.1920016676706,17235.0893911485,61012.2164446656,13788.0715129188,15511.5804520336,49981.7592343305,5170.52681734454,344.701787822969,73944.9035299041,10851.7362745463,16.1900180969464,1.0019835707242
2012-06-11,163,2012,"summer",253,"WB-7","UBER",63246.6226764466,3.06953642384106,13.0694298391986,21236.0922855222,54936.8474342857,10618.0461427611,5539.85016144058,39702.2594903241,6924.81270180072,461.654180120048,73944.9035299041,-10698.2808534575,16.1900180969464,-3.1205882577478
2012-06-11,163,2012,"summer",253,"WB-7","UBER",NA,NA,NA,NA,NA,NA,NA,NA,NA,NA,73944.9035299041,NA,16.1900180969464,NA
2012-06-11,163,2012,"summer",253,"WB-7","UBER",NA,NA,NA,NA,NA,NA,NA,NA,NA,NA,73944.9035299041,NA,16.1900180969464,NA
2012-06-18,170,2012,"summer",253,"WB-7","UBER",NA,NA,NA,NA,NA,NA,NA,NA,NA,NA,70014.8983765045,NA,15.5566193040006,NA
2012-06-18,170,2012,"summer",253,"WB-7","UBER",NA,NA,NA,NA,NA,NA,NA,NA,NA,NA,70014.8983765045,NA,15.5566193040006,NA
2012-06-18,170,2012,"summer",253,"WB-7","UBER",NA,NA,NA,NA,NA,NA,NA,NA,NA,NA,70014.8983765045,NA,15.5566193040006,NA
2012-06-18,170,2012,"summer",253,"WB-7","UBER",NA,NA,NA,NA,NA,NA,NA,NA,NA,NA,70014.8983765045,NA,15.5566193040006,NA
2012-07-03,185,2012,"summer",254,"WB-7","UBER",NA,NA,12.9103593578213,NA,NA,NA,NA,NA,NA,NA,61150.1266871358,NA,14.5692781602874,-1.65891880246615
2012-07-03,185,2012,"summer",254,"WB-7","UBER",86344.2946544104,4.87353629976581,12.0067268830277,0,0,202.211462890891,20018.9348261982,56619.2096094494,7886.24705274474,1617.69170312713,61150.1266871358,25194.1679672746,14.5692781602874,-2.56255127725975
2012-07-03,185,2012,"summer",254,"WB-7","UBER",NA,NA,NA,NA,NA,NA,NA,NA,NA,NA,61150.1266871358,NA,14.5692781602874,NA
2012-07-03,185,2012,"summer",254,"WB-7","UBER",NA,NA,NA,NA,NA,NA,NA,NA,NA,NA,61150.1266871358,NA,14.5692781602874,NA
2012-07-18,200,2012,"summer",254,"WB-7","UBER",68134.9579869867,4.94715447154472,11.9605471642468,0,0,276.97137393084,8032.16984399437,54840.3320383064,4708.51335682429,276.97137393084,55902.0372851817,12232.920701805,15.3790797384745,-3.41853257422767
2012-07-18,200,2012,"summer",254,"WB-7","UBER",74782.2709613269,4.92222222222222,13.7331639574042,0,0,0,10524.9122093719,59548.8453951307,4431.54198289345,276.97137393084,55902.0372851817,18880.2336761452,15.3790797384745,-1.64591578107027
2012-07-18,200,2012,"summer",254,"WB-7","UBER",NA,NA,NA,NA,NA,NA,NA,NA,NA,NA,55902.0372851817,NA,15.3790797384745,NA
2012-08-07,220,2012,"summer",249,"WB-7","UBER",45406.0061558716,4.92561983471074,13.3638131754213,0,0,0,5628.84373833119,37525.6249222079,2063.90937072144,187.62812461104,54178.99345052,-8772.9872946484,17.5956164208206,-4.23180324539932
2012-08-07,220,2012,"summer",249,"WB-7","UBER",NA,NA,NA,NA,NA,NA,NA,NA,NA,NA,54178.99345052,NA,17.5956164208206,NA
2012-08-07,220,2012,"summer",248,"WB-7","UBER",42669.1322011117,4.87417218543046,NA,0,0,565.154068888898,5368.96365444453,35604.7063400005,847.731103333346,282.577034444449,54178.99345052,-11509.8612494083,17.5956164208206,NA
2012-08-27,240,2012,"summer",251,"WB-7","UBER",NA,NA,NA,NA,NA,NA,NA,NA,NA,NA,50970.7601643052,NA,17.0021137561901,NA
2012-08-27,240,2012,"summer",251,"WB-7","UBER",54945.330841345,4.95798319327731,15.1538299009491,0,0,0,5309.8428964325,46634.272394755,2770.35281553,230.8627346275,50970.7601643052,3974.5706770398,17.0021137561901,-1.84828385524103
2012-08-27,240,2012,"summer",251,"WB-7","UBER",57253.95818762,4.95161290322581,13.8656158417276,0,0,0,5771.5683656875,48481.174271775,3001.2155501575,0,50970.7601643052,6283.19802331481,17.0021137561901,-3.13649791446253
2012-09-14,258,2012,"fall",252,"WB-7","UBER",NA,NA,NA,NA,NA,NA,NA,NA,NA,NA,46629.4781963946,NA,15.3645403427822,NA
2012-09-14,258,2012,"fall",252,"WB-7","UBER",22992.1462253932,4.81927710843374,NA,0,0,554.027619888993,3324.16571933396,18836.9390762258,277.013809944497,0,46629.4781963946,-23637.3319710014,15.3645403427822,NA
2012-09-14,258,2012,"fall",252,"WB-7","UBER",37166.0195008866,4.93913043478261,8.4258367191451,0,0,0,4039.78472835724,31348.7294920522,1615.9138913429,161.59138913429,46629.4781963946,-9463.45869550804,15.3645403427822,-6.93870362363707
2012-10-24,298,2012,"fall",250,"WB-7","UBER",39065.0264157464,5,14.1160503254062,0,0,0,1662.34154960623,35740.3433165339,1662.34154960623,0,39821.9666667676,-756.940251021195,15.035014487837,-0.918964162430775
2012-10-24,298,2012,"fall",250,"WB-7","UBER",26782.1694103226,4.95258620689655,9.15211375366539,0,0,0,1616.1653954505,24819.6828587041,346.321156167964,0,39821.9666667676,-13039.797256445,15.035014487837,-5.88290073417159
2012-11-06,311,2012,"fall",249,"WB-7","UBER",NA,NA,NA,NA,NA,NA,NA,NA,NA,NA,36321.4904408739,NA,14.813166204982,NA
2012-11-06,311,2012,"fall",249,"WB-7","UBER",50182.038857534,4.92638036809816,9.12050859603954,0,0,0,4002.24849784013,45871.9250906292,307.865269064626,0,36321.4904408739,13860.5484166601,14.813166204982,-5.69265760894251
2012-11-06,311,2012,"fall",249,"WB-7","UBER",NA,NA,NA,NA,NA,NA,NA,NA,NA,NA,36321.4904408739,NA,14.813166204982,NA
2012-11-06,311,2012,"fall",249,"WB-7","UBER",NA,NA,16.7309380473171,NA,NA,NA,NA,NA,NA,NA,36321.4904408739,NA,14.813166204982,1.91777184233505
2012-11-19,324,2012,"fall",250,"WB-7","UBER",NA,NA,NA,NA,NA,NA,NA,NA,NA,NA,31979.0947508846,NA,14.2433174539042,NA
2012-11-19,324,2012,"fall",250,"WB-7","UBER",23085.9040823746,4.95180722891566,12.363475138091,0,0,278.143422679212,556.286845358424,22251.473814337,0,0,31979.0947508846,-8893.19066850996,14.2433174539042,-1.87984231581315
2012-11-19,324,2012,"fall",250,"WB-7","UBER",NA,NA,NA,NA,NA,NA,NA,NA,NA,NA,31979.0947508846,NA,14.2433174539042,NA
2012-11-19,324,2012,"fall",250,"WB-7","UBER",26998.4548947288,4.94505494505495,16.8786700329169,0,0,445.029476286739,1038.40211133572,25069.9938308196,445.029476286739,0,31979.0947508846,-4980.63985615577,14.2433174539042,2.63535257901275
2013-01-03,3,2013,"winter",255,"WB-7","UBER",NA,NA,NA,NA,NA,NA,NA,NA,NA,NA,23896.4012885013,NA,12.1986786129054,NA
2013-01-03,3,2013,"winter",255,"WB-7","UBER",20106.5994427574,5.08264462809917,6.69758397416,0,0,0,997.02145997144,16450.8540895288,1329.36194662859,1329.36194662859,23896.4012885013,-3789.80184574386,12.1986786129054,-5.50109463874538
2013-01-03,3,2013,"winter",253,"WB-7","UBER",NA,NA,NA,NA,NA,NA,NA,NA,NA,NA,23896.4012885013,NA,12.1986786129054,NA
2013-01-03,3,2013,"winter",253,"WB-7","UBER",19758.7989091381,5.1214953271028,6.75400065515631,0,0,0,184.661672048019,16988.8738284178,1661.95504843217,923.308360240096,23896.4012885013,-4137.60237936316,12.1986786129054,-5.44467795774907
2013-01-28,28,2013,"winter",254,"WB-7","UBER",NA,NA,NA,NA,NA,NA,NA,NA,NA,NA,17931.1034519602,NA,9.20171138986777,NA
2013-01-28,28,2013,"winter",254,"WB-7","UBER",NA,NA,6.55960537259542,NA,NA,NA,NA,NA,NA,NA,17931.1034519602,NA,9.20171138986777,-2.64210601727235
2013-01-28,28,2013,"winter",253,"WB-7","UBER",NA,NA,0.406255678505647,NA,NA,NA,NA,NA,NA,NA,17931.1034519602,NA,9.20171138986777,-8.79545571136212
2013-01-28,28,2013,"winter",253,"WB-7","UBER",6024.58705056662,5.08474576271186,7.00791045422232,0,103.872190527011,103.872190527011,311.616571581032,4258.75981160744,934.849714743097,415.488762108043,17931.1034519602,-11906.5164013936,9.20171138986777,-2.19380093564545
2013-03-18,77,2013,"spring",248,"WB-7","UBER",4156.51102990962,2.83870967741935,2.18909580908574,3602.30955925501,831.302205981925,1385.50367663654,554.201470654617,554.201470654617,1662.60441196385,0,5906.67462974746,-1750.16359983784,4.17347383474872,-1.98437802566298
2013-03-18,77,2013,"spring",248,"WB-7","UBER",NA,NA,2.15676738996421,NA,NA,NA,NA,NA,NA,NA,5906.67462974746,NA,4.17347383474872,-2.01670644478451
2013-03-18,77,2013,"spring",249,"WB-7","UBER",NA,NA,NA,NA,NA,NA,NA,NA,NA,NA,5906.67462974746,NA,4.17347383474872,NA
2013-03-18,77,2013,"spring",249,"WB-7","UBER",2101.18046136607,1.93650793650794,1.46851733343825,6465.17065035714,1616.29266258929,808.146331294643,0,161.629266258929,1131.4048638125,0,5906.67462974746,-3805.49416838139,4.17347383474872,-2.70495650131047
2013-04-15,105,2013,"spring",256,"WB-7","UBER",38631.6793366957,2.53181818181818,7.91095560132575,27416.0304970099,25339.0584896606,16200.381657324,10800.254438216,8307.88802939693,2492.36640881908,830.788802939693,19501.5614428131,19130.1178938826,7.73075512573454,0.180200475591211
2013-04-15,105,2013,"spring",256,"WB-7","UBER",NA,NA,8.0217274417177,NA,NA,NA,NA,NA,NA,NA,19501.5614428131,NA,7.73075512573454,0.290972315983161
2013-04-15,105,2013,"spring",259,"WB-7","UBER",62756.7809375152,2.65277777777778,9.99494025813662,32301.284306074,37838.6473299724,24918.1336075428,22149.4520955936,12920.5137224296,2768.6815119492,0,19501.5614428131,43255.2194947021,7.73075512573454,2.26418513240208
2013-04-15,105,2013,"spring",259,"WB-7","UBER",NA,NA,NA,NA,NA,NA,NA,NA,NA,NA,19501.5614428131,NA,7.73075512573454,NA
2013-05-21,141,2013,"spring",248,"WB-7","UBER",NA,NA,NA,NA,NA,NA,NA,NA,NA,NA,75607.841684266,NA,16.267153137892,NA
2013-05-21,141,2013,"spring",248,"WB-7","UBER",275992.332385999,3.55445544554455,22.6345117306523,6650.4176478554,53203.3411828432,109731.891189614,91443.2426580117,63178.9676546263,6650.4176478554,4987.81323589155,75607.841684266,200384.490701733,16.267153137892,6.36735859276027
2013-05-21,141,2013,"spring",247,"WB-7","UBER",234630.727570046,3.4478527607362,18.5210475896828,11084.9162631518,55424.5813157589,90526.8161490729,86831.8440613557,46187.1510964658,7389.94417543453,3694.97208771726,75607.841684266,159022.88588578,16.267153137892,2.25389445179077
2013-05-21,141,2013,"spring",247,"WB-7","UBER",NA,NA,19.6526327915462,NA,NA,NA,NA,NA,NA,NA,75607.841684266,NA,16.267153137892,3.38547965365417
2014-02-12,43,2014,"winter",250,"WB-7","UBER",2522.84776352003,4.61111111111111,0.864308956020765,654.071642394084,186.877612112596,0,0,654.071642394084,1868.77612112595,0,14203.4107836339,-11680.5630201138,7.28530034107184,-6.42099138505107
2014-02-12,43,2014,"winter",250,"WB-7","UBER",NA,NA,NA,NA,NA,NA,NA,NA,NA,NA,14203.4107836339,NA,7.28530034107184,NA
2014-02-12,43,2014,"winter",255,"WB-7","UBER",NA,NA,1.17256540933393,NA,NA,NA,NA,NA,NA,NA,14203.4107836339,NA,7.28530034107184,-6.11273493173791
2014-02-12,43,2014,"winter",255,"WB-7","UBER",NA,NA,NA,NA,NA,NA,NA,NA,NA,NA,14203.4107836339,NA,7.28530034107184,NA
2014-04-21,111,2014,"spring",253,"WB-7","UBER",NA,NA,NA,NA,NA,NA,NA,NA,NA,NA,28831.1700979603,NA,9.5402055754451,NA
2014-04-21,111,2014,"spring",253,"WB-7","UBER",NA,NA,3.40700784928595,NA,NA,NA,NA,NA,NA,NA,28831.1700979603,NA,9.5402055754451,-6.13319772615915
2014-04-21,111,2014,"spring",255,"WB-7","UBER",NA,NA,NA,NA,NA,NA,NA,NA,NA,NA,28831.1700979603,NA,9.5402055754451,NA
2014-04-21,111,2014,"spring",255,"WB-7","UBER",12693.560254266,1.70769230769231,NA,39234.6407859131,23079.2004623018,8077.72016180565,4615.84009246037,0,0,0,28831.1700979603,-16137.6098436943,9.5402055754451,NA
2014-07-17,198,2014,"summer",248,"WB-7","UBER",NA,NA,11.2964733101766,NA,NA,NA,NA,NA,NA,NA,56303.615959491,NA,15.1708938432559,-3.87442053307935
2014-07-17,198,2014,"summer",250,"WB-7","UBER",87734.6928958842,3.81081081081081,11.9596239263337,5541.13849868742,9235.23083114571,16623.4154960623,39711.4925739265,30476.2617427808,923.523083114571,0,56303.615959491,31431.0769363932,15.1708938432559,-3.21126991692225
2015-03-25,84,2015,"spring",255,"WB-7","UBER",NA,NA,NA,NA,NA,NA,NA,NA,NA,NA,6088.28834512548,NA,4.25219940538278,NA
2015-03-25,84,2015,"spring",255,"WB-7","UBER",2574.9286423479,1.72222222222222,1.29666049489662,10728.8693431162,2145.77386862324,1287.46432117395,0,0,1287.46432117395,0,6088.28834512548,-3513.35970277758,4.25219940538278,-2.95553891048616
2015-03-25,84,2015,"spring",254,"WB-7","UBER",NA,NA,NA,NA,NA,NA,NA,NA,NA,NA,6088.28834512548,NA,4.25219940538278,NA
2015-03-25,84,2015,"spring",254,"WB-7","UBER",NA,NA,1.6416168190009,NA,NA,NA,NA,NA,NA,NA,6088.28834512548,NA,4.25219940538278,-2.61058258638188
2015-06-05,156,2015,"summer",255,"WB-7","UBER",NA,NA,19.6496312736038,NA,NA,NA,NA,NA,NA,NA,76847.1360915095,NA,16.6401580512927,3.00947322231109
2015-06-05,156,2015,"summer",255,"WB-7","UBER",NA,NA,NA,NA,NA,NA,NA,NA,NA,NA,76847.1360915095,NA,16.6401580512927,NA
2015-06-05,156,2015,"summer",261,"WB-7","UBER",250529.312371164,3.99494949494949,19.963910398343,5536.55938941798,17993.8180156084,41524.1954206349,125956.726109259,73359.4119097882,2768.27969470899,6920.69923677248,76847.1360915095,173682.176279654,16.6401580512927,3.32375234705029
2015-06-05,156,2015,"summer",261,"WB-7","UBER",NA,NA,NA,NA,NA,NA,NA,NA,NA,NA,76847.1360915095,NA,16.6401580512927,NA
2015-08-26,238,2015,"summer",253,"WB-7","UBER",31546.3689748699,4.23255813953488,12.6354749098857,0,1538.84726706683,769.423633533413,19235.5908383353,11541.3545030012,0,0,51444.5168895814,-19898.1479147115,17.1877941916907,-4.55231928180497
2015-10-07,280,2015,"fall",251,"WB-7","UBER",NA,NA,8.94362233946935,NA,NA,NA,NA,NA,NA,NA,43021.3414776851,NA,14.933275801868,-5.98965346239864
2015-10-07,280,2015,"fall",252,"WB-7","UBER",37396.864342507,4.61818181818182,11.3437155172271,0,692.534524861241,692.534524861241,11080.5523977799,25623.7774198659,0,0,43021.3414776851,-5624.47713517815,14.933275801868,-3.58956028464089
2015-11-18,322,2015,"fall",249,"WB-7","UBER",19703.3772201361,4.90625,4.81193415548011,0,0,0,3078.65269064626,15393.2634532313,615.730538129251,615.730538129251,32670.7659882128,-12967.3887680767,14.3536364842524,-9.54170232877224
2015-11-18,322,2015,"fall",248,"WB-7","UBER",NA,NA,5.90224566247166,NA,NA,NA,NA,NA,NA,NA,32670.7659882128,NA,14.3536364842524,-8.45139082178069
2016-01-25,25,2016,"winter",255,"WB-7","UBER",4308.11741962968,5.42857142857143,3.44341670897543,0,0,0,615.445345661383,1230.89069132277,2154.05870981484,307.722672830691,18619.9771538385,-14311.8597342088,9.58556187124761,-6.14214516227218
2016-03-08,68,2016,"winter",255,"WB-7","UBER",NA,NA,2.71411397436668,NA,NA,NA,NA,NA,NA,NA,7123.50519747184,NA,4.57539652305289,-1.86128254868621
2016-03-08,68,2016,"winter",253,"WB-7","UBER",2954.5867527683,5.05555555555555,2.64066191028667,184.661672048019,184.661672048019,184.661672048019,0,923.308360240096,1292.63170433613,553.985016144058,7123.50519747184,-4168.91844470354,4.57539652305289,-1.93473461276622
2016-03-30,90,2016,"spring",254,"WB-7","UBER",4431.54198289344,1.94117647058823,2.11883101057093,9970.96946151026,4431.54198289345,2215.77099144672,1107.88549572336,0,0,1107.88549572336,7390.91035191525,-2959.36836902181,4.68852684486639,-2.56969583429546
2016-03-30,90,2016,"spring",255,"WB-7","UBER",NA,NA,2.48332196974368,NA,NA,NA,NA,NA,NA,NA,7390.91035191525,NA,4.68852684486639,-2.20520487512271
2016-04-21,112,2016,"spring",254,"WB-7","UBER",27697.137393084,2.09375,7.78289560745662,38775.9923503177,22157.7099144672,16618.2824358504,5539.42747861681,2769.7137393084,2769.7137393084,0,30606.6863477951,-2909.54895471105,9.85439702693253,-2.07150141947591
2016-04-21,112,2016,"spring",255,"WB-7","UBER",NA,NA,8.22542704476438,NA,NA,NA,NA,NA,NA,NA,30606.6863477951,NA,9.85439702693253,-1.62896998216815
2016-05-11,132,2016,"spring",254,"WB-7","UBER",NA,NA,15.6719635749201,NA,NA,NA,NA,NA,NA,NA,67186.4707507132,NA,15.0422788427086,0.629684732211537
2016-05-11,132,2016,"spring",254,"WB-7","UBER",129622.602999633,3.25961538461538,15.0626265522722,16618.2824358504,26589.2518973607,51516.6755511363,56502.1602818914,16618.2824358504,1661.82824358504,3323.65648717009,67186.4707507132,62436.1322489198,15.0422788427086,0.0203477095636355
2016-06-15,167,2016,"summer",254,"WB-7","UBER",NA,NA,16.2166739436507,NA,NA,NA,NA,NA,NA,NA,71780.9236832834,NA,15.836272092001,0.380401851649683
2016-06-15,167,2016,"summer",254,"WB-7","UBER",9337.29253024425,4.55056179775281,17.5184394011257,0,0,104.913399216227,4721.10296473024,3776.88237178419,734.393794513592,0,71780.9236832834,-62443.6311530391,15.836272092001,1.68216730912468
2016-07-27,209,2016,"summer",253,"WB-7","UBER",118491.239564146,4.70714285714286,23.4612654337008,0,0,2539.09799066026,33008.2738785834,79558.403707355,3385.46398754702,0,54821.0832850643,63670.1562790817,16.4661423304685,6.99512310323235
2016-07-27,209,2016,"summer",253,"WB-7","UBER",NA,NA,22.7318518291112,NA,NA,NA,NA,NA,NA,NA,54821.0832850643,NA,16.4661423304685,6.26570949864275
2016-10-12,286,2016,"fall",250,"WB-7","UBER",55411.3849868742,4.71232876712329,14.2130202491333,769.602569262142,0,1539.20513852428,11544.0385389321,40788.9361708935,1539.20513852428,0,42090.4676555678,13320.9173313064,14.9801992219812,-0.76717897284785
2016-10-12,286,2016,"fall",252,"WB-7","UBER",NA,NA,16.0668009767808,NA,NA,NA,NA,NA,NA,NA,42090.4676555678,NA,14.9801992219812,1.08660175479965
2017-01-14,14,2017,"winter",255,"WB-7","UBER",20309.6964068257,5.14772727272727,5.39591706808616,0,0,0,692.376013869055,15924.6483189883,1846.33603698415,1846.33603698415,21133.2237751526,-823.527368326893,10.9536907706597,-5.55777370257354
2017-01-14,14,2017,"winter",255,"WB-7","UBER",NA,NA,4.59276089199807,NA,NA,NA,NA,NA,NA,NA,21133.2237751526,NA,10.9536907706597,-6.36092987866163
2017-03-06,65,2017,"winter",253,"WB-7","UBER",NA,NA,3.40700784928595,NA,NA,NA,NA,NA,NA,NA,7809.34949268094,NA,4.80826315352958,-1.40125530424363
2017-03-06,65,2017,"winter",252,"WB-7","UBER",3924.36230754703,2.9047619047619,2.59007912298104,4847.74167402869,923.379366481655,461.689683240828,0,692.534524861241,2539.29325782455,230.844841620414,7809.34949268094,-3884.98718513391,4.80826315352958,-2.21818403054854
2017-04-14,104,2017,"spring",254,"WB-7","UBER",NA,NA,1.80493012011597,NA,NA,NA,NA,NA,NA,NA,18192.6350735591,NA,7.45130633159793,-5.64637621148196
2017-04-14,104,2017,"spring",254,"WB-7","UBER",5170.13231337568,2.04166666666667,1.6802930018471,8863.08396578689,3692.95165241121,2954.36132192896,738.590330482241,738.590330482241,738.590330482241,0,18192.6350735591,-13022.5027601834,7.45130633159793,-5.77101332975083
2017-05-16,136,2017,"spring",257,"WB-7","UBER",NA,NA,20.0417262349209,NA,NA,NA,NA,NA,NA,NA,71758.9071387282,NA,15.6809644939547,4.36076174096625
2017-05-16,136,2017,"spring",255,"WB-7","UBER",140241.649270733,3.05263157894737,19.1556298643238,59775.1291973618,18392.3474453421,39083.7383213519,57476.085766694,39083.7383213519,2299.04343066776,2299.04343066776,71758.9071387282,68482.7421320048,15.6809644939547,3.47466537036915
2017-06-15,166,2017,"summer",254,"WB-7","UBER",104018.138209582,4.52941176470588,17.7538650689669,615.491942068534,0,3077.45971034267,43084.4359447974,55394.2747861681,1846.4758262056,615.491942068534,72346.2547491106,31671.8834604714,15.9280241519818,1.82584091698508
2017-06-15,166,2017,"summer",255,"WB-7","UBER",NA,NA,16.0677393618545,NA,NA,NA,NA,NA,NA,NA,72346.2547491106,NA,15.9280241519818,0.139715209872682
2017-07-19,200,2017,"summer",254,"WB-7","UBER",44315.4198289346,3.25510204081633,10.1879303710894,8616.88718895948,7385.90330482241,15387.2985517134,19080.2502041246,8616.88718895948,1230.98388413707,0,55902.0372851817,-11586.6174562471,15.3790797384745,-5.19114936738507
2017-07-19,200,2017,"summer",254,"WB-7","UBER",NA,NA,11.0049959241854,NA,NA,NA,NA,NA,NA,NA,55902.0372851817,NA,15.3790797384745,-4.37408381428907
2020-01-04,4,2020,"winter",252,"WB-7","UBER",NA,NA,NA,NA,NA,NA,NA,NA,NA,NA,23624.1848870433,NA,12.0927993903083,NA
2020-01-04,4,2020,"winter",252,"WB-7","UBER",NA,NA,NA,NA,NA,NA,NA,NA,NA,NA,23624.1848870433,NA,12.0927993903083,NA
2020-01-04,4,2020,"winter",254,"WB-7","UBER",NA,NA,NA,NA,NA,NA,NA,NA,NA,NA,23624.1848870433,NA,12.0927993903083,NA
2020-01-04,4,2020,"winter",252,"WB-7","UBER",37934.491174298,5.16603773584906,NA,0,0,0,858.894139795427,29918.1458695407,3578.72558248095,3578.72558248095,23624.1848870433,14310.3062872547,12.0927993903083,NA
2020-06-26,178,2020,"summer",254,"WB-7","UBER",35624.941212119,3.64220183486238,NA,5017.59735381957,14049.2725906948,4014.07788305566,5017.59735381957,25589.7465044798,501.759735381957,501.759735381957,65118.2983105094,-29493.3570983904,14.8854106800135,NA
2020-06-26,178,2020,"summer",254,"WB-7","UBER",NA,NA,12.5354677310992,NA,NA,NA,NA,NA,NA,NA,65118.2983105094,NA,14.8854106800135,-2.34994294891435
2020-06-26,178,2020,"summer",254,"WB-7","UBER",NA,NA,NA,NA,NA,NA,NA,NA,NA,NA,65118.2983105094,NA,14.8854106800135,NA
2020-06-26,178,2020,"summer",254,"WB-7","UBER",NA,NA,10.0455770658394,NA,NA,NA,NA,NA,NA,NA,65118.2983105094,NA,14.8854106800135,-4.83983361417415
2020-07-22,204,2020,"summer",250,"WB-7","UBER",43884.4497332755,4.45714285714286,12.9492241806303,0,1737.99800923863,6517.49253464487,6951.99203695453,29980.4656593664,434.499502309658,0,55298.6740355761,-11414.2243023006,15.8443214938419,-2.89509731321164
2020-07-22,204,2020,"summer",250,"WB-7","UBER",NA,NA,NA,NA,NA,NA,NA,NA,NA,NA,55298.6740355761,NA,15.8443214938419,NA
2020-07-22,204,2020,"summer",251,"WB-7","UBER",NA,NA,NA,NA,NA,NA,NA,NA,NA,NA,55298.6740355761,NA,15.8443214938419,NA
2020-07-22,204,2020,"summer",251,"WB-7","UBER",NA,NA,NA,NA,NA,NA,NA,NA,NA,NA,55298.6740355761,NA,15.8443214938419,NA
2020-08-13,226,2020,"summer",253,"WB-7","UBER",NA,NA,NA,NA,NA,NA,NA,NA,NA,NA,53645.3849971127,NA,17.8052059986518,NA
2020-08-13,226,2020,"summer",253,"WB-7","UBER",30907.7587996782,4.62983425414365,11.1550859453946,0,0,3073.69977013374,5293.59404856366,22540.4649809808,0,0,53645.3849971127,-22737.6261974345,17.8052059986518,-6.65012005325719
2020-08-13,226,2020,"summer",253,"WB-7","UBER",NA,NA,10.1134831748919,NA,NA,NA,NA,NA,NA,NA,53645.3849971127,NA,17.8052059986518,-7.69172282375989
2020-08-13,226,2020,"summer",253,"WB-7","UBER",NA,NA,NA,NA,NA,NA,NA,NA,NA,NA,53645.3849971127,NA,17.8052059986518,NA
2020-11-08,313,2020,"fall",253,"WB-7","UBER",12257.7457357737,4.82191780821918,6.40942412234344,0,0,335.82865029517,1511.22892632827,10410.6881591503,0,0,35688.6374478524,-23430.8917120787,14.7482087516824,-8.33878462933897
2020-11-08,313,2020,"fall",253,"WB-7","UBER",NA,NA,NA,NA,NA,NA,NA,NA,NA,NA,35688.6374478524,NA,14.7482087516824,NA
2020-11-08,313,2020,"fall",253,"WB-7","UBER",NA,NA,NA,NA,NA,NA,NA,NA,NA,NA,35688.6374478524,NA,14.7482087516824,NA
2020-11-08,313,2020,"fall",253,"WB-7","UBER",NA,NA,NA,NA,NA,NA,NA,NA,NA,NA,35688.6374478524,NA,14.7482087516824,NA
2021-01-14,14,2021,"winter",253,"WB-7","UBER",NA,NA,NA,NA,NA,NA,NA,NA,NA,NA,21133.2237751526,NA,10.9536907706597,NA
2021-01-14,14,2021,"winter",250,"WB-7","UBER",6288.9621717129,5.15555555555556,9.51243262244606,0,0,0,559.018859707813,4192.6414478086,1467.42450673301,69.8773574634766,21133.2237751526,-14844.2616034397,10.9536907706597,-1.44125814821364
2021-01-14,14,2021,"winter",253,"WB-7","UBER",NA,NA,NA,NA,NA,NA,NA,NA,NA,NA,21133.2237751526,NA,10.9536907706597,NA
2021-01-14,14,2021,"winter",253,"WB-7","UBER",NA,NA,NA,NA,NA,NA,NA,NA,NA,NA,21133.2237751526,NA,10.9536907706597,NA
2021-02-18,49,2021,"winter",253,"WB-7","UBER",2302.40268483701,4.01923076923077,2.15964688431818,413.251763945104,354.215797667232,354.215797667232,354.215797667232,826.503527890208,590.35966277872,177.107898833616,12516.6975679381,-10214.2948831011,6.54441806514907,-4.38477118083089
2021-02-18,49,2021,"winter",253,"WB-7","UBER",NA,NA,2.72529850997535,NA,NA,NA,NA,NA,NA,NA,12516.6975679381,NA,6.54441806514907,-3.81911955517372
2021-03-23,82,2021,"spring",253,"WB-7","UBER",NA,NA,2.78415047115423,NA,NA,NA,NA,NA,NA,NA,5913.30428856367,NA,4.18808898726372,-1.40393851610949
2021-03-23,82,2021,"spring",253,"WB-7","UBER",3132.05115311923,3.4078947368421,2.58495921793343,1138.92769204336,1138.92769204336,640.646826774388,427.097884516259,996.561730537937,783.012788279808,284.731923010839,5913.30428856367,-2781.25313544444,4.18808898726372,-1.60312976933029
2021-03-23,82,2021,"spring",253,"WB-7","UBER",NA,NA,NA,NA,NA,NA,NA,NA,NA,NA,5913.30428856367,NA,4.18808898726372,NA
2021-03-23,82,2021,"spring",253,"WB-7","UBER",NA,NA,NA,NA,NA,NA,NA,NA,NA,NA,5913.30428856367,NA,4.18808898726372,NA
2021-03-23,82,2021,"spring",253,"WB-7","UBER",NA,NA,2.88374609776462,NA,NA,NA,NA,NA,NA,NA,5913.30428856367,NA,4.18808898726372,-1.3043428894991
2021-04-28,118,2021,"spring",253,"WB-7","UBER",63335.5055586209,2.94311926605505,21.4447492387928,28511.8598906506,26770.6776072521,17847.1184048347,16541.2316922859,26335.3820364025,2611.77342509777,0,42155.0757300556,21180.4298285653,11.7011936907212,9.74355554807157
2021-04-28,118,2021,"spring",253,"WB-7","UBER",NA,NA,10.7789630436068,NA,NA,NA,NA,NA,NA,NA,42155.0757300556,NA,11.7011936907212,-0.922230647114427
2021-04-28,118,2021,"spring",253,"WB-7","UBER",NA,NA,10.7246381563648,NA,NA,NA,NA,NA,NA,NA,42155.0757300556,NA,11.7011936907212,-0.976555534356425
2021-04-28,118,2021,"spring",253,"WB-7","UBER",NA,NA,NA,NA,NA,NA,NA,NA,NA,NA,42155.0757300556,NA,11.7011936907212,NA
2021-05-18,138,2021,"spring",253,"WB-7","UBER",63512.7989576716,4.35365853658537,13.3866649926617,0,2411.87844143057,10049.4935059607,19295.0275314445,30148.4805178821,3215.83792190742,803.959480476855,73541.370927738,-10028.5719700664,15.9438588363173,-2.55719384365559
2021-05-18,138,2021,"spring",253,"WB-7","UBER",NA,NA,13.6989257328661,NA,NA,NA,NA,NA,NA,NA,73541.370927738,NA,15.9438588363173,-2.24493310345119
2021-05-18,138,2021,"spring",253,"WB-7","UBER",NA,NA,12.5762113965308,NA,NA,NA,NA,NA,NA,NA,73541.370927738,NA,15.9438588363173,-3.36764743978649
2021-05-18,138,2021,"spring",253,"WB-7","UBER",NA,NA,11.299576546343,NA,NA,NA,NA,NA,NA,NA,73541.370927738,NA,15.9438588363173,-4.64428228997429
2021-07-14,195,2021,"summer",253,"WB-7","UBER",22433.2681691432,4.35964912280702,7.46061784790594,202.101515037327,404.203030074655,1010.50757518664,10711.3802969783,10711.3802969783,0,0,57058.6494647542,-34625.381295611,14.902523549231,-7.44190570132502
2021-07-14,195,2021,"summer",253,"WB-7","UBER",NA,NA,NA,NA,NA,NA,NA,NA,NA,NA,57058.6494647542,NA,14.902523549231,NA
2021-09-01,244,2021,"summer",255,"WB-7","UBER",NA,NA,NA,NA,NA,NA,NA,NA,NA,NA,49981.6091048764,NA,16.6023452236715,NA
2021-09-01,244,2021,"summer",255,"WB-7","UBER",14842.8653666758,4.6625,5.21518917523523,0,0,371.071634166896,4452.85961000275,9833.39830542274,185.535817083448,0,49981.6091048764,-35138.7437382006,16.6023452236715,-11.3871560484363
2021-09-01,244,2021,"summer",255,"WB-7","UBER",NA,NA,3.87064821599489,NA,NA,NA,NA,NA,NA,NA,49981.6091048764,NA,16.6023452236715,-12.7316970076766
2021-09-01,244,2021,"summer",255,"WB-7","UBER",NA,NA,2.94259805894349,NA,NA,NA,NA,NA,NA,NA,49981.6091048764,NA,16.6023452236715,-13.659747164728
2021-10-01,274,2021,"fall",250,"WB-7","UBER",NA,NA,5.663369494982,NA,NA,NA,NA,NA,NA,NA,43908.6622697832,NA,14.923262611316,-9.25989311633399
2021-10-01,274,2021,"fall",255,"WB-7","UBER",16784.8730634923,4.5125,NA,0,0,209.810913293653,7763.00379186517,8812.05835833343,0,0,43908.6622697832,-27123.7892062909,14.923262611316,NA
2021-10-01,274,2021,"fall",250,"WB-7","UBER",NA,NA,5.84445245245544,NA,NA,NA,NA,NA,NA,NA,43908.6622697832,NA,14.923262611316,-9.07881015886054
2021-10-01,274,2021,"fall",255,"WB-7","UBER",NA,NA,NA,NA,NA,NA,NA,NA,NA,NA,43908.6622697832,NA,14.923262611316,NA
2021-10-01,274,2021,"fall",255,"WB-7","UBER",NA,NA,NA,NA,NA,NA,NA,NA,NA,NA,43908.6622697832,NA,14.923262611316,NA
2021-10-01,274,2021,"fall",255,"WB-7","UBER",NA,NA,5.54113849868742,NA,NA,NA,NA,NA,NA,NA,43908.6622697832,NA,14.923262611316,-9.38212411262857
2021-10-01,274,2021,"fall",255,"WB-7","UBER",NA,NA,5.59999045986629,NA,NA,NA,NA,NA,NA,NA,43908.6622697832,NA,14.923262611316,-9.3232721514497
2021-11-08,312,2021,"fall",255,"WB-7","UBER",NA,NA,5.0114708480776,NA,NA,NA,NA,NA,NA,NA,36007.390327174,NA,14.7817210022822,-9.77025015420464
2021-11-08,312,2021,"fall",255,"WB-7","UBER",11597.6590068661,4.79838709677419,5.81595851650006,0,0,93.5295081198881,2338.2377029972,8978.83277950926,187.059016239776,0,36007.390327174,-24409.7313203079,14.7817210022822,-8.96576248578219
2021-12-15,349,2021,"fall",255,"WB-7","UBER",NA,NA,5.95310222693951,NA,NA,NA,NA,NA,NA,NA,23896.4012885013,NA,12.1986786129054,-6.24557638596587
2021-12-15,349,2021,"fall",255,"WB-7","UBER",NA,NA,6.83135457068572,NA,NA,NA,NA,NA,NA,NA,23896.4012885013,NA,12.1986786129054,-5.36732404221966
2021-12-15,349,2021,"fall",255,"WB-7","UBER",6673.50374813548,4.9375,7.83769647699771,0,0,0,556.125312344623,5978.3471077047,139.031328086156,0,23896.4012885013,-17222.8975403658,12.1986786129054,-4.36098213590767
2021-12-15,349,2021,"fall",255,"WB-7","UBER",NA,NA,7.61453836175837,NA,NA,NA,NA,NA,NA,NA,23896.4012885013,NA,12.1986786129054,-4.58414025114701
2022-04-13,103,2022,"spring",253,"WB-7","UBER",23428.838390561,3.64035087719298,5.69572107473615,5714.3508269661,3428.61049617966,5285.77451494364,6571.50345101101,5571.49205629194,4571.48066157288,1428.58770674152,16958.0821788923,6470.75621166867,7.18047353964359,-1.48475246490744
2022-04-13,103,2022,"spring",250,"WB-7","UBER",NA,NA,5.4505970199507,NA,NA,NA,NA,NA,NA,NA,16958.0821788923,NA,7.18047353964359,-1.72987651969289
2022-06-01,152,2022,"summer",253,"WB-7","UBER",60852.4626260565,3.47649572649572,11.9937040252274,12096.0552620602,14143.0799987165,13026.5210514494,19539.7815771741,24564.296839876,1674.83842090064,2047.02473665634,77739.9233608952,-16887.4607348387,16.7356475472517,-4.74194352202432
2022-06-01,152,2022,"summer",250,"WB-7","UBER",NA,NA,12.128031076784,NA,NA,NA,NA,NA,NA,NA,77739.9233608952,NA,16.7356475472517,-4.60761647046772
2022-06-14,165,2022,"summer",253,"WB-7","UBER",81930.4268518765,4.04700854700855,17.7875355600255,799.321237579283,10790.8367073203,17185.4066079546,21182.012795851,41564.7043541227,1998.30309394821,0,72896.6802776928,9033.74657418368,16.0179936241565,1.76954193586899
2022-06-14,165,2022,"summer",250,"WB-7","UBER",NA,NA,16.1797622502523,NA,NA,NA,NA,NA,NA,NA,72896.6802776928,NA,16.0179936241565,0.161768626095785
2022-07-18,199,2022,"summer",253,"WB-7","UBER",81681.9234680429,4.67482517482517,18.9316685030896,579.304421759169,579.304421759169,1737.91326527751,21434.2636050893,56482.181121519,2027.56547615709,0,56093.4864909106,25588.4369771323,15.2724499863244,3.6592185167652
2022-07-18,199,2022,"summer",250,"WB-7","UBER",NA,NA,15.966989775221,NA,NA,NA,NA,NA,NA,NA,56093.4864909106,NA,15.2724499863244,0.6945397888966
2022-08-21,233,2022,"summer",253,"WB-7","UBER",70981.2473619794,4.82899628252788,23.1779028136861,0,531.694736793854,1329.23684198463,8507.11578870166,60613.1999944993,265.847368396927,265.847368396927,52524.016673296,18457.2306886834,17.5729489272708,5.60495388641526
2022-09-30,273,2022,"fall",253,"WB-7","UBER",25916.8424802548,4.8265306122449,NA,0,539.934218338643,809.901327507964,1619.80265501593,23217.1713885616,269.967109169321,0,44057.4169284,-18140.5744481452,14.9278050903174,NA
2022-09-30,273,2022,"fall",250,"WB-7","UBER",NA,NA,13.9660230951395,NA,NA,NA,NA,NA,NA,NA,44057.4169284,NA,14.9278050903174,-0.961781995177889
2022-11-02,306,2022,"fall",253,"WB-7","UBER",20497.4455973301,4.93693693693694,NA,0,0,369.323344096038,1477.29337638415,17727.5205166098,553.985016144058,369.323344096038,37808.8739762743,-17311.4283789442,14.939443443883,NA
2022-11-15,319,2022,"fall",253,"WB-7","UBER",19963.8816212273,4.91304347826087,NA,0,0,0,1735.98970619367,18227.8919150336,0,0,33699.0568332801,-13735.1752120528,14.5037247464232,NA
2022-11-15,319,2022,"fall",253,"WB-7","UBER",NA,NA,8.76894221565159,NA,NA,NA,NA,NA,NA,NA,33699.0568332801,NA,14.5037247464232,-5.73478253077165
2022-11-15,319,2022,"fall",253,"WB-7","UBER",NA,NA,9.01793128217756,NA,NA,NA,NA,NA,NA,NA,33699.0568332801,NA,14.5037247464232,-5.48579346424568
2023-01-25,25,2023,"winter",250,"WB-7","UBER",5775.1440174696,5.35135135135135,4.1999656824561,0,0,78.0424867225623,0,3511.9119025153,1170.63730083843,1014.55232739331,18619.9771538385,-12844.8331363689,9.58556187124761,-5.38559618879151
2023-01-25,25,2023,"winter",250,"WB-7","UBER",3642.35434460873,5.30909090909091,4.07480114225045,0,0,0,132.449248894863,2251.63723121267,1059.5939911589,198.673873342294,18619.9771538385,-14977.6228092297,9.58556187124761,-5.51076072899716
2023-02-09,40,2023,"winter",253,"WB-7","UBER",NA,NA,3.71220062820563,NA,NA,NA,NA,NA,NA,NA,15000.0896415886,NA,7.66368276758063,-3.951482139375
2023-02-09,40,2023,"winter",253,"WB-7","UBER",7131.24343274871,5.75,4.60730871759808,0,0,0,93.8321504309041,1595.14655732537,5160.76827369972,281.496451292712,15000.0896415886,-7868.84620883991,7.66368276758063,-3.05637404998255
2023-02-09,40,2023,"winter",253,"WB-7","UBER",7777.86933897906,5.38095238095238,4.15488762108043,125.449505467404,0,627.247527337022,125.449505467404,2132.64159294587,4390.73269135915,501.798021869618,15000.0896415886,-7222.22030260956,7.66368276758063,-3.5087951465002
2023-03-10,69,2023,"winter",250,"WB-7","UBER",NA,NA,2.28617233810225,NA,NA,NA,NA,NA,NA,NA,6922.46911362895,NA,4.50762114629182,-2.22144880818957
2023-03-10,69,2023,"winter",250,"WB-7","UBER",2353.06112716898,3.38461538461538,2.27572385145603,392.176854528164,653.628090880273,1176.53056358449,261.451236352109,261.451236352109,653.628090880273,0,6922.46911362895,-4569.40798645998,4.50762114629182,-2.23189729483579
2023-03-10,69,2023,"winter",253,"WB-7","UBER",2495.42800064891,2.72058823529412,4.30261695871885,2183.4995005678,2391.4518339552,519.880833468523,311.928500081114,519.880833468523,935.785500243341,207.952333387409,6922.46911362895,-4427.04111298004,4.50762114629182,-0.205004187572966
2023-04-14,104,2023,"spring",253,"WB-7","UBER",NA,NA,13.3820305572876,NA,NA,NA,NA,NA,NA,NA,18192.6350735591,NA,7.45130633159793,5.93072422568967
2023-04-14,104,2023,"spring",253,"WB-7","UBER",11097.4562528858,2.42564102564103,8.01431656688404,9617.79541916767,8138.13458544957,5326.77900138517,2515.42341732078,1479.6608337181,1479.6608337181,295.932166743621,18192.6350735591,-7095.17882067327,7.45130633159793,0.563010235286111
2023-04-14,104,2023,"spring",253,"WB-7","UBER",NA,NA,5.91688563544482,NA,NA,NA,NA,NA,NA,NA,18192.6350735591,NA,7.45130633159793,-1.53442069615311
2023-05-07,127,2023,"spring",253,"WB-7","UBER",32256.6061750547,3.54109589041096,10.2718055076711,2367.45733394896,8582.032835565,11541.3545030012,8286.10066882138,8877.96500230862,2663.38950069259,887.796500230862,59575.8997844663,-27319.2936094116,14.0375185461402,-3.76571303846908
2023-05-07,127,2023,"spring",253,"WB-7","UBER",NA,NA,7.98575842457894,NA,NA,NA,NA,NA,NA,NA,59575.8997844663,NA,14.0375185461402,-6.05176012156124
2023-06-17,168,2023,"summer",253,"WB-7","UBER",45104.1440347174,4.70056497175141,12.2269109604795,795.9554829656,1061.27397728747,3714.45892050613,3183.8219318624,35287.3597448083,2653.18494321867,265.318494321867,71202.6389465386,-26098.4949118212,15.7433708725278,-3.51645991204829
2023-06-17,168,2023,"summer",253,"WB-7","UBER",43400.8610031464,4.60795454545455,14.7175352622271,526.07104246238,2367.31969108071,3156.42625477428,5260.71042462381,32353.3691114364,2104.28416984952,526.07104246238,71202.6389465386,-27801.7779433922,15.7433708725278,-1.02583561030069
2023-07-18,199,2023,"summer",253,"WB-7","UBER",45632.7401118663,4.77777777777778,NA,0,710.237200184689,2485.83020064641,4083.86390106196,38175.2495099271,887.796500230862,0,56093.4864909106,-10460.7463790444,15.2724499863244,NA
2023-08-07,219,2023,"summer",253,"WB-7","UBER",52358.3399404445,4.73476702508961,14.3712946271371,0,0,750.657203447233,13887.1582637738,36219.210066329,1501.31440689447,0,54242.3582564362,-1884.01831599169,17.5243672380429,-3.15307261090582
2023-08-07,219,2023,"summer",253,"WB-7","UBER",51729.9996473804,4.61354581673307,16.8042121563698,0,0,3709.72109025039,14426.6931287515,31738.7248832533,1854.86054512519,0,54242.3582564362,-2512.35860905579,17.5243672380429,-0.720155081673123
2023-09-07,250,2023,"fall",253,"WB-7","UBER",30697.623317261,4.84496124031008,9.24231668600336,0,0,237.966072226829,6425.08395012438,21892.8786448683,1427.79643336097,713.898216680487,48473.4768242863,-17775.8535070253,15.9991247470841,-6.75680806108078
2023-09-07,250,2023,"fall",253,"WB-7","UBER",23261.6447347311,4.9,7.90351956365522,0,0,357.871457457402,3578.71457457402,17356.765686684,1610.42155855831,357.871457457402,48473.4768242863,-25211.8320895552,15.9991247470841,-8.09560518342892
2023-10-05,278,2023,"fall",253,"WB-7","UBER",78302.8442326345,4.91799544419134,NA,0,0,356.73277554731,6777.92273539889,70097.9903950464,891.831938868275,178.366387773655,43318.3977167954,34984.4465158391,14.9239938032431,NA
2023-12-02,336,2023,"fall",253,"WB-7","UBER",33680.4307508966,5.00862068965517,NA,0,0,145.174270478003,1161.39416382402,30631.7710708585,1306.56843430202,435.522811434008,27873.1466573313,5807.28409356531,13.4119138835744,NA
2023-12-02,336,2023,"fall",253,"WB-7","UBER",26150.2641511488,4.99621212121212,NA,0,0,0,1386.75643225789,23475.8053175086,792.432247004509,495.270154377818,27873.1466573313,-1722.88250618249,13.4119138835744,NA
2023-12-02,336,2023,"fall",253,"WB-7","UBER",NA,NA,6.95358556698029,NA,NA,NA,NA,NA,NA,NA,27873.1466573313,NA,13.4119138835744,-6.4583283165941
2024-02-12,43,2024,"winter",250,"WB-7","UBER",12423.1139870305,5.56043956043956,2.15142850944626,0,138.034599855894,0,276.069199711789,4417.10719538862,7315.8337923624,414.103799567683,14203.4107836339,-1780.29679660336,7.28530034107184,-5.13387183162558
2024-02-12,43,2024,"winter",250,"WB-7","UBER",10283.3468621741,5.58024691358025,2.29392268868211,0,0,0,253.909799066026,3808.6469859904,5839.92537851861,380.86469859904,14203.4107836339,-3920.06392145976,7.28530034107184,-4.99137765238973
2024-02-12,43,2024,"winter",250,"WB-7","UBER",NA,NA,2.9199626892593,NA,NA,NA,NA,NA,NA,NA,14203.4107836339,NA,7.28530034107184,-4.36533765181254
2024-03-09,69,2024,"winter",250,"WB-7","UBER",NA,NA,8.05819160756832,NA,NA,NA,NA,NA,NA,NA,6922.46911362895,NA,4.50762114629182,3.5505704612765
2024-03-14,74,2024,"spring",250,"WB-7","UBER",NA,NA,1.74745053961874,NA,NA,NA,NA,NA,NA,NA,6154.6291115782,NA,4.25217216647773,-2.50472162685899
2024-03-14,74,2024,"spring",250,"WB-7","UBER",10090.7763250929,5.57352941176471,1.55342015068595,0,150.608601867059,0,1204.86881493647,1355.47741680353,7379.82149148588,150.608601867059,6154.6291115782,3936.1472135147,4.25217216647773,-2.69875201579178
2024-03-14,74,2024,"spring",250,"WB-7","UBER",NA,NA,2.87921902382778,NA,NA,NA,NA,NA,NA,NA,6154.6291115782,NA,4.25217216647773,-1.37295314264995
2024-03-14,74,2024,"spring",250,"WB-7","UBER",12187.6703551693,5.75,1.42260582220713,0,0,0,253.909799066026,2539.09799066026,8632.9331682449,761.729397198079,6154.6291115782,6033.0412435911,4.25217216647773,-2.8295663442706
2024-04-19,110,2024,"spring",250,"WB-7","UBER",2236.56716624117,5.83333333333333,0.518585373612452,0,0,0,0,372.761194373528,1739.5522404098,124.253731457843,27112.7511047258,-24876.1839384846,9.22774391040722,-8.70915853679477
2024-04-19,110,2024,"spring",250,"WB-7","UBER",NA,NA,0.597573759662376,NA,NA,NA,NA,NA,NA,NA,27112.7511047258,NA,9.22774391040722,-8.63017015074484
2024-04-19,110,2024,"spring",250,"WB-7","UBER",2145.27871047622,5.66666666666667,1.24040015039735,0,0,0,119.182150582012,476.72860232805,1072.63935523811,476.72860232805,27112.7511047258,-24967.4723942496,9.22774391040722,-7.98734376000987
2024-05-31,152,2024,"summer",250,"WB-7","UBER",NA,NA,5.7901275652134,NA,NA,NA,NA,NA,NA,NA,77739.9233608952,NA,16.7356475472517,-10.9455199820383
2024-05-31,152,2024,"summer",250,"WB-7","UBER",61472.8987212485,4.48675496688742,3.4198603016605,0,409.819324808323,3278.55459846659,27048.0754373493,28072.6237493702,1434.36763682913,1639.27729923329,77739.9233608952,-16267.0246396467,16.7356475472517,-13.3157872455912
2024-07-09,191,2024,"summer",250,"WB-7","UBER",33455.8436938862,4.88,4.94524881052956,197.963572153173,989.817860765866,791.854288612693,2969.4535822976,25537.3008077593,1781.67214937856,2375.56286583808,58403.8682179818,-24948.0245240956,14.6509467420943,-9.7056979315647
2024-08-14,227,2024,"summer",250,"WB-7","UBER",NA,NA,10.9328835574593,NA,NA,NA,NA,NA,NA,NA,53520.6635743942,NA,17.8005080545885,-6.86762449712922
2024-08-14,227,2024,"summer",250,"WB-7","UBER",35654.9595799652,4.97159090909091,5.022335825526,0,0,0,2836.18996658814,30995.5046348561,1823.26497852095,0,53520.6635743942,-17865.703994429,17.8005080545885,-12.7781722290625
2024-09-30,274,2024,"fall",250,"WB-7","UBER",21023.731362667,4.97435897435897,3.94078164542436,0,0,359.380023293453,1796.90011646726,16890.8610947923,1617.21010482054,359.380023293453,43908.6622697832,-22884.9309071162,14.923262611316,-10.9824809658916
2024-09-30,274,2024,"fall",250,"WB-7","UBER",NA,NA,7.02601874996967,NA,NA,NA,NA,NA,NA,NA,43908.6622697832,NA,14.923262611316,-7.89724386134632
2024-10-17,291,2024,"fall",250,"WB-7","UBER",35334.0022901966,4.93888888888889,3.03208925652686,0,0,196.300012723315,2748.2001781264,31408.0020357303,981.500063616573,0,41230.831549141,-5896.82925894437,15.0205249962896,-11.9884357397628
2024-10-17,291,2024,"fall",250,"WB-7","UBER",NA,NA,7.18446633775894,NA,NA,NA,NA,NA,NA,NA,41230.831549141,NA,15.0205249962896,-7.8360586585307
2024-11-04,309,2024,"fall",250,"WB-7","UBER",34572.3582408302,4.76923076923077,9.38592806835511,1868.77612112595,0,467.194030281489,2803.16418168893,28498.8358471708,2803.16418168893,0,36934.2190808106,-2361.86083998036,14.8698605476049,-5.48393247924979
2024-11-04,309,2024,"fall",250,"WB-7","UBER",NA,NA,7.18899341169578,NA,NA,NA,NA,NA,NA,NA,36934.2190808106,NA,14.8698605476049,-7.68086713590912
2024-12-14,349,2024,"fall",250,"WB-7","UBER",15577.6614166531,5.11702127659574,8.06219354092848,0,167.501735662937,0,0,13232.637117372,837.508678314684,1507.51562096643,23896.4012885013,-8318.73987184816,12.1986786129054,-4.1364850719769
2024-12-14,349,2024,"fall",250,"WB-7","UBER",18592.692658586,5.0990990990991,7.45717727171395,0,0,0,502.505206988811,15745.1631523161,670.006942651747,1675.01735662937,23896.4012885013,-5303.70862991526,12.1986786129054,-4.74150134119143
2025-01-13,13,2025,"winter",250,"WB-7","UBER",NA,NA,4.10605606071037,NA,NA,NA,NA,NA,NA,NA,21368.2743793888,NA,11.0732102129037,-6.96715415219332
2025-01-13,13,2025,"winter",250,"WB-7","UBER",13065.5957621094,5.22727272727273,4.77939492977963,0,0,197.963572153173,395.927144306346,8710.39717473962,2177.59929368491,1583.70857722539,21368.2743793888,-8302.67861727939,11.0732102129037,-6.29381528312406
2025-02-24,55,2025,"winter",250,"WB-7","UBER",NA,NA,2.82942121052258,NA,NA,NA,NA,NA,NA,NA,10705.6699870459,NA,5.83203388503176,-3.00261267450918
2025-02-24,55,2025,"winter",250,"WB-7","UBER",5598.60614800131,5.39655172413793,2.36867373352715,0,0,0,96.5276922069192,3185.41384282833,1544.44307531071,772.221537655353,10705.6699870459,-5107.06383904454,5.83203388503176,-3.46336015150461
2025-04-07,97,2025,"spring",250,"WB-7","UBER",753.538758518531,3.78787878787879,0.60268029906311,489.800193037045,0,37.6769379259265,0,188.384689629633,489.800193037045,37.6769379259265,11109.8055709666,-10356.266812448,5.7716106130426,-5.16893031397949
2025-04-21,111,2025,"spring",250,"WB-7","UBER",2890.76306236671,2.55813953488372,NA,2978.36194304449,1664.3787328778,1051.18656813335,437.994403388896,350.395522711117,350.395522711117,700.791045422233,28831.1700979603,-25940.4070355936,9.5402055754451,NA
2025-05-12,132,2025,"spring",250,"WB-7","UBER",38154.179139655,2.25,NA,40490.1492910624,39711.4925739265,14794.4776255805,14794.4776255805,8565.22388849396,0,0,67186.4707507132,-29032.2916110582,15.0422788427086,NA
2025-05-12,132,2025,"spring",250,"WB-7","UBER",NA,NA,NA,NA,NA,NA,NA,NA,NA,NA,67186.4707507132,NA,15.0422788427086,NA
2025-06-05,156,2025,"summer",250,"WB-7","UBER",4204.7462725334,5,1.6305071656824,400.452025955562,100.11300648889,0,200.226012977781,1902.14712328892,1501.69509733336,600.678038933343,76847.1360915095,-72642.3898189761,16.6401580512927,-15.0096508856103
2025-06-18,169,2025,"summer",250,"WB-7","UBER",NA,NA,8.18494967779973,NA,NA,NA,NA,NA,NA,NA,70613.3292471739,NA,15.6499468925154,-7.46499721471566
2025-06-18,169,2025,"summer",250,"WB-7","UBER",41113.0746647709,3.17391304347826,6.78365731968722,12147.0447873187,11212.6567267557,14950.2089690076,6540.71642394084,18687.7612112595,467.194030281489,467.194030281489,70613.3292471739,-29500.254582403,15.6499468925154,-8.86628957282817
2025-07-14,195,2025,"summer",250,"WB-7","UBER",56730.7036770379,4.54682779456193,11.2780638909951,175.636853489281,1229.45797442497,3688.37392327491,17739.3222024174,32141.5441885385,1580.73168140353,1580.73168140353,57058.6494647542,-327.945787716344,14.902523549231,-3.62445965823586
2025-07-14,195,2025,"summer",250,"WB-7","UBER",NA,NA,9.03151250398809,NA,NA,NA,NA,NA,NA,NA,57058.6494647542,NA,14.902523549231,-5.87101104524287
2025-11-03,307,2025,"fall",250,"WB-7","UBER",16639.7873798886,4.75757575757576,NA,0,255.996728921364,511.993457842727,2943.96238259568,12543.8397171468,639.991822303409,0,37523.7641349517,-20883.9767550631,14.9183067090598,NA
2025-11-03,307,2025,"fall",250,"WB-7","UBER",NA,NA,NA,NA,NA,NA,NA,NA,NA,NA,37523.7641349517,NA,14.9183067090598,NA
